final_cum_abs_dgv,final_recoverability,git_sha,monitor_alpha,monitor_beta,monitor_gamma,monitor_threshold,peak_abs_ds_dt,peak_s_total,ref_name,run_created_utc,run_id,run_number,scenario
0.8588087034662247,,90643f9b403d610de3e19b8c8bf53a7c22f6ca9a,0.92,0.08,0.95,0.0025,0.007280994054066138,0.6931433789350595,main,2026-02-08T19:40:46.038637+00:00,21804092399,14,swarm_amplification
0.24410333432796094,,90643f9b403d610de3e19b8c8bf53a7c22f6ca9a,0.92,0.08,0.97,0.00012,0.0005652102722778438,0.6900000000000001,main,2026-02-08T19:40:46.038637+00:00,21804092399,14,adversarial_saturation
0.10278778433240932,0.26792245592629516,90643f9b403d610de3e19b8c8bf53a7c22f6ca9a,0.92,0.08,0.95,0.001,0.00022974883359572825,0.44911941792739263,main,2026-02-08T19:40:46.038637+00:00,21804092399,14,human_ai_feedback_loop
0.8588087034662247,,462ae36bcb2aaf95ba183010a3c6536e968ced31,0.92,0.08,0.95,0.0025,0.007280994054066138,0.6931433789350595,main,2026-02-08T19:47:01.426312+00:00,21804244610,15,swarm_amplification
0.24410333432796094,,462ae36bcb2aaf95ba183010a3c6536e968ced31,0.92,0.08,0.97,0.00012,0.0005652102722778438,0.6900000000000001,main,2026-02-08T19:47:01.426312+00:00,21804244610,15,adversarial_saturation
0.10278778433240932,0.26792245592629516,462ae36bcb2aaf95ba183010a3c6536e968ced31,0.92,0.08,0.95,0.001,0.00022974883359572825,0.44911941792739263,main,2026-02-08T19:47:01.426312+00:00,21804244610,15,human_ai_feedback_loop
0.8588087034662247,,914f1acf2b5da3dba310f3275f62cd22a18d5f07,0.92,0.08,0.95,0.0025,0.007280994054066138,0.6931433789350595,main,2026-02-08T20:11:50.026519+00:00,21804606031,16,swarm_amplification
0.24410333432796094,,914f1acf2b5da3dba310f3275f62cd22a18d5f07,0.92,0.08,0.97,0.00012,0.0005652102722778438,0.6900000000000001,main,2026-02-08T20:11:50.026519+00:00,21804606031,16,adversarial_saturation
0.10278778433240932,0.26792245592629516,914f1acf2b5da3dba310f3275f62cd22a18d5f07,0.92,0.08,0.95,0.001,0.00022974883359572825,0.44911941792739263,main,2026-02-08T20:11:50.026519+00:00,21804606031,16,human_ai_feedback_loop
0.8588087034662247,,faddad297b70fd205ec85f94103470631a508978,0.92,0.08,0.95,0.0025,0.007280994054066138,0.6931433789350595,main,2026-02-08T20:12:16.411865+00:00,21804614622,17,swarm_amplification
0.24410333432796094,,faddad297b70fd205ec85f94103470631a508978,0.92,0.08,0.97,0.00012,0.0005652102722778438,0.6900000000000001,main,2026-02-08T20:12:16.411865+00:00,21804614622,17,adversarial_saturation
0.10278778433240932,0.26792245592629516,faddad297b70fd205ec85f94103470631a508978,0.92,0.08,0.95,0.001,0.00022974883359572825,0.44911941792739263,main,2026-02-08T20:12:16.411865+00:00,21804614622,17,human_ai_feedback_loop
0.8588087034662247,,6bbed0b66b0bbb044ad55c07a91bcbd69194f494,0.92,0.08,0.95,0.0025,0.007280994054066138,0.6931433789350595,main,2026-02-08T20:12:46.884833+00:00,21804621634,18,swarm_amplification
0.24410333432796094,,6bbed0b66b0bbb044ad55c07a91bcbd69194f494,0.92,0.08,0.97,0.00012,0.0005652102722778438,0.6900000000000001,main,2026-02-08T20:12:46.884833+00:00,21804621634,18,adversarial_saturation
0.10278778433240932,0.26792245592629516,6bbed0b66b0bbb044ad55c07a91bcbd69194f494,0.92,0.08,0.95,0.001,0.00022974883359572825,0.44911941792739263,main,2026-02-08T20:12:46.884833+00:00,21804621634,18,human_ai_feedback_loop
0.8588087034662247,,37d8f0321b28584cf5c4cd5836477212162e22e8,0.92,0.08,0.95,0.0025,0.007280994054066138,0.6931433789350595,main,2026-02-08T20:15:20.374066+00:00,21804657776,19,swarm_amplification
0.24410333432796094,,37d8f0321b28584cf5c4cd5836477212162e22e8,0.92,0.08,0.97,0.00012,0.0005652102722778438,0.6900000000000001,main,2026-02-08T20:15:20.374066+00:00,21804657776,19,adversarial_saturation
0.10278778433240932,0.26792245592629516,37d8f0321b28584cf5c4cd5836477212162e22e8,0.92,0.08,0.95,0.001,0.00022974883359572825,0.44911941792739263,main,2026-02-08T20:15:20.374066+00:00,21804657776,19,human_ai_feedback_loop
0.8588087034662247,,8fc85685eadd9caf911b51323316fa24574dc4d0,0.92,0.08,0.95,0.0025,0.007280994054066138,0.6931433789350595,main,2026-02-08T20:22:44.774930+00:00,21804761937,20,swarm_amplification
0.24410333432796094,,8fc85685eadd9caf911b51323316fa24574dc4d0,0.92,0.08,0.97,0.00012,0.0005652102722778438,0.6900000000000001,main,2026-02-08T20:22:44.774930+00:00,21804761937,20,adversarial_saturation
0.10278778433240932,0.26792245592629516,8fc85685eadd9caf911b51323316fa24574dc4d0,0.92,0.08,0.95,0.001,0.00022974883359572825,0.44911941792739263,main,2026-02-08T20:22:44.774930+00:00,21804761937,20,human_ai_feedback_loop
0.8588087034662247,,e74ef4b6bb159e578b9474c3eb061d9d55da58f7,0.92,0.08,0.95,0.0025,0.007280994054066138,0.6931433789350595,main,2026-02-08T20:23:29.774549+00:00,21804771063,21,swarm_amplification
0.24410333432796094,,e74ef4b6bb159e578b9474c3eb061d9d55da58f7,0.92,0.08,0.97,0.00012,0.0005652102722778438,0.6900000000000001,main,2026-02-08T20:23:29.774549+00:00,21804771063,21,adversarial_saturation
0.10278778433240932,0.26792245592629516,e74ef4b6bb159e578b9474c3eb061d9d55da58f7,0.92,0.08,0.95,0.001,0.00022974883359572825,0.44911941792739263,main,2026-02-08T20:23:29.774549+00:00,21804771063,21,human_ai_feedback_loop
0.8588087034662247,,ae14c7525d400005f532f2cf16cd586f55664c20,0.92,0.08,0.95,0.0025,0.007280994054066138,0.6931433789350595,main,2026-02-09T22:38:18.124662+00:00,21843606299,49,swarm_amplification
0.24410333432796094,,ae14c7525d400005f532f2cf16cd586f55664c20,0.92,0.08,0.97,0.00012,0.0005652102722778438,0.6900000000000001,main,2026-02-09T22:38:18.124662+00:00,21843606299,49,adversarial_saturation
0.10278778433240932,0.26792245592629516,ae14c7525d400005f532f2cf16cd586f55664c20,0.92,0.08,0.95,0.001,0.00022974883359572825,0.44911941792739263,main,2026-02-09T22:38:18.124662+00:00,21843606299,49,human_ai_feedback_loop
0.8588087034662247,,5ed0d558aee54fd616399d8ea2de5d185306e4dc,0.92,0.08,0.95,0.0025,0.007280994054066138,0.6931433789350595,main,2026-02-09T22:56:53.951028+00:00,21844128330,50,swarm_amplification
0.24410333432796094,,5ed0d558aee54fd616399d8ea2de5d185306e4dc,0.92,0.08,0.97,0.00012,0.0005652102722778438,0.6900000000000001,main,2026-02-09T22:56:53.951028+00:00,21844128330,50,adversarial_saturation
0.10278778433240932,0.26792245592629516,5ed0d558aee54fd616399d8ea2de5d185306e4dc,0.92,0.08,0.95,0.001,0.00022974883359572825,0.44911941792739263,main,2026-02-09T22:56:53.951028+00:00,21844128330,50,human_ai_feedback_loop
0.8588087034662247,,f187eb086dc2a6a5a299b7669c26cc02138b7cf6,0.92,0.08,0.95,0.0025,0.007280994054066138,0.6931433789350595,main,2026-02-09T23:32:16.251581+00:00,21845078038,51,swarm_amplification
0.24410333432796094,,f187eb086dc2a6a5a299b7669c26cc02138b7cf6,0.92,0.08,0.97,0.00012,0.0005652102722778438,0.6900000000000001,main,2026-02-09T23:32:16.251581+00:00,21845078038,51,adversarial_saturation
0.10278778433240932,0.26792245592629516,f187eb086dc2a6a5a299b7669c26cc02138b7cf6,0.92,0.08,0.95,0.001,0.00022974883359572825,0.44911941792739263,main,2026-02-09T23:32:16.251581+00:00,21845078038,51,human_ai_feedback_loop
0.8588087034662247,,983da31e1c76220fc01c4390da7335f19ef0305a,0.92,0.08,0.95,0.0025,0.007280994054066138,0.6931433789350595,main,2026-02-10T00:04:51.506912+00:00,21845906839,52,swarm_amplification
0.24410333432796094,,983da31e1c76220fc01c4390da7335f19ef0305a,0.92,0.08,0.97,0.00012,0.0005652102722778438,0.6900000000000001,main,2026-02-10T00:04:51.506912+00:00,21845906839,52,adversarial_saturation
0.10278778433240932,0.26792245592629516,983da31e1c76220fc01c4390da7335f19ef0305a,0.92,0.08,0.95,0.001,0.00022974883359572825,0.44911941792739263,main,2026-02-10T00:04:51.506912+00:00,21845906839,52,human_ai_feedback_loop
0.8588087034662247,,a24a2fced71d6775e6f599c80f864f897d3c1325,0.92,0.08,0.95,0.0025,0.007280994054066138,0.6931433789350595,main,2026-02-10T02:24:48.512058+00:00,21849190839,53,swarm_amplification
0.24410333432796094,,a24a2fced71d6775e6f599c80f864f897d3c1325,0.92,0.08,0.97,0.00012,0.0005652102722778438,0.6900000000000001,main,2026-02-10T02:24:48.512058+00:00,21849190839,53,adversarial_saturation
0.10278778433240932,0.26792245592629516,a24a2fced71d6775e6f599c80f864f897d3c1325,0.92,0.08,0.95,0.001,0.00022974883359572825,0.44911941792739263,main,2026-02-10T02:24:48.512058+00:00,21849190839,53,human_ai_feedback_loop
0.8588087034662247,,877e33e53604c7cb401c49deff189adbfe708915,0.92,0.08,0.95,0.0025,0.007280994054066138,0.6931433789350595,main,2026-02-10T02:25:25.364284+00:00,21849204947,54,swarm_amplification
0.24410333432796094,,877e33e53604c7cb401c49deff189adbfe708915,0.92,0.08,0.97,0.00012,0.0005652102722778438,0.6900000000000001,main,2026-02-10T02:25:25.364284+00:00,21849204947,54,adversarial_saturation
0.10278778433240932,0.26792245592629516,877e33e53604c7cb401c49deff189adbfe708915,0.92,0.08,0.95,0.001,0.00022974883359572825,0.44911941792739263,main,2026-02-10T02:25:25.364284+00:00,21849204947,54,human_ai_feedback_loop
0.8588087034662247,,053302f3f7e444dbb2dbea253a5a7406654861d9,0.92,0.08,0.95,0.0025,0.007280994054066138,0.6931433789350595,main,2026-02-10T02:26:39.343821+00:00,21849231331,55,swarm_amplification
0.24410333432796094,,053302f3f7e444dbb2dbea253a5a7406654861d9,0.92,0.08,0.97,0.00012,0.0005652102722778438,0.6900000000000001,main,2026-02-10T02:26:39.343821+00:00,21849231331,55,adversarial_saturation
0.10278778433240932,0.26792245592629516,053302f3f7e444dbb2dbea253a5a7406654861d9,0.92,0.08,0.95,0.001,0.00022974883359572825,0.44911941792739263,main,2026-02-10T02:26:39.343821+00:00,21849231331,55,human_ai_feedback_loop
0.8588087034662247,,7913d7620edac703fad4e6ec391ff580f6380df4,0.92,0.08,0.95,0.0025,0.007280994054066138,0.6931433789350595,main,2026-02-10T02:39:10.970295+00:00,21849503228,56,swarm_amplification
0.24410333432796094,,7913d7620edac703fad4e6ec391ff580f6380df4,0.92,0.08,0.97,0.00012,0.0005652102722778438,0.6900000000000001,main,2026-02-10T02:39:10.970295+00:00,21849503228,56,adversarial_saturation
0.10278778433240932,0.26792245592629516,7913d7620edac703fad4e6ec391ff580f6380df4,0.92,0.08,0.95,0.001,0.00022974883359572825,0.44911941792739263,main,2026-02-10T02:39:10.970295+00:00,21849503228,56,human_ai_feedback_loop
0.8588087034662247,,68c066dd150accc9c6fd6152aac3b383fa7875ff,0.92,0.08,0.95,0.0025,0.007280994054066138,0.6931433789350595,main,2026-02-10T03:11:34.779296+00:00,21850189232,57,swarm_amplification
0.24410333432796094,,68c066dd150accc9c6fd6152aac3b383fa7875ff,0.92,0.08,0.97,0.00012,0.0005652102722778438,0.6900000000000001,main,2026-02-10T03:11:34.779296+00:00,21850189232,57,adversarial_saturation
0.10278778433240932,0.26792245592629516,68c066dd150accc9c6fd6152aac3b383fa7875ff,0.92,0.08,0.95,0.001,0.00022974883359572825,0.44911941792739263,main,2026-02-10T03:11:34.779296+00:00,21850189232,57,human_ai_feedback_loop
0.8588087034662247,,41c4354fc698d7f972eb6c26527a427ae9366feb,0.92,0.08,0.95,0.0025,0.007280994054066138,0.6931433789350595,main,2026-02-10T03:25:09.616377+00:00,21850470597,58,swarm_amplification
0.24410333432796094,,41c4354fc698d7f972eb6c26527a427ae9366feb,0.92,0.08,0.97,0.00012,0.0005652102722778438,0.6900000000000001,main,2026-02-10T03:25:09.616377+00:00,21850470597,58,adversarial_saturation
0.10278778433240932,0.26792245592629516,41c4354fc698d7f972eb6c26527a427ae9366feb,0.92,0.08,0.95,0.001,0.00022974883359572825,0.44911941792739263,main,2026-02-10T03:25:09.616377+00:00,21850470597,58,human_ai_feedback_loop
0.8588087034662247,,f72a48077c9f0460f4ad276ba06523baddda0009,0.92,0.08,0.95,0.0025,0.007280994054066138,0.6931433789350595,main,2026-02-10T03:27:07.336031+00:00,21850508224,59,swarm_amplification
0.24410333432796094,,f72a48077c9f0460f4ad276ba06523baddda0009,0.92,0.08,0.97,0.00012,0.0005652102722778438,0.6900000000000001,main,2026-02-10T03:27:07.336031+00:00,21850508224,59,adversarial_saturation
0.10278778433240932,0.26792245592629516,f72a48077c9f0460f4ad276ba06523baddda0009,0.92,0.08,0.95,0.001,0.00022974883359572825,0.44911941792739263,main,2026-02-10T03:27:07.336031+00:00,21850508224,59,human_ai_feedback_loop
0.8588087034662247,,cd23f2d2b9b5f542282bcf18808bb020e50c48e2,0.92,0.08,0.95,0.0025,0.007280994054066138,0.6931433789350595,main,2026-02-10T03:50:25.741048+00:00,21850950782,60,swarm_amplification
0.24410333432796094,,cd23f2d2b9b5f542282bcf18808bb020e50c48e2,0.92,0.08,0.97,0.00012,0.0005652102722778438,0.6900000000000001,main,2026-02-10T03:50:25.741048+00:00,21850950782,60,adversarial_saturation
0.10278778433240932,0.26792245592629516,cd23f2d2b9b5f542282bcf18808bb020e50c48e2,0.92,0.08,0.95,0.001,0.00022974883359572825,0.44911941792739263,main,2026-02-10T03:50:25.741048+00:00,21850950782,60,human_ai_feedback_loop
0.8588087034662247,,eaa01f57e1d547f4fcd800b2e2954e824f9b6075,0.92,0.08,0.95,0.0025,0.007280994054066138,0.6931433789350595,main,2026-02-10T03:51:21.320937+00:00,21850968311,61,swarm_amplification
0.24410333432796094,,eaa01f57e1d547f4fcd800b2e2954e824f9b6075,0.92,0.08,0.97,0.00012,0.0005652102722778438,0.6900000000000001,main,2026-02-10T03:51:21.320937+00:00,21850968311,61,adversarial_saturation
0.10278778433240932,0.26792245592629516,eaa01f57e1d547f4fcd800b2e2954e824f9b6075,0.92,0.08,0.95,0.001,0.00022974883359572825,0.44911941792739263,main,2026-02-10T03:51:21.320937+00:00,21850968311,61,human_ai_feedback_loop
0.8588087034662247,,8735c7853e3be1ef40e26e112fc10810040f883b,0.92,0.08,0.95,0.0025,0.007280994054066138,0.6931433789350595,main,2026-02-10T04:02:27.384980+00:00,21851191332,62,swarm_amplification
0.24410333432796094,,8735c7853e3be1ef40e26e112fc10810040f883b,0.92,0.08,0.97,0.00012,0.0005652102722778438,0.6900000000000001,main,2026-02-10T04:02:27.384980+00:00,21851191332,62,adversarial_saturation
0.10278778433240932,0.26792245592629516,8735c7853e3be1ef40e26e112fc10810040f883b,0.92,0.08,0.95,0.001,0.00022974883359572825,0.44911941792739263,main,2026-02-10T04:02:27.384980+00:00,21851191332,62,human_ai_feedback_loop
0.8588087034662247,,5d84de28534857acbd45cc968f17ba364726f385,0.92,0.08,0.95,0.0025,0.007280994054066138,0.6931433789350595,main,2026-02-10T04:11:10.563440+00:00,21851374032,63,swarm_amplification
0.24410333432796094,,5d84de28534857acbd45cc968f17ba364726f385,0.92,0.08,0.97,0.00012,0.0005652102722778438,0.6900000000000001,main,2026-02-10T04:11:10.563440+00:00,21851374032,63,adversarial_saturation
0.10278778433240932,0.26792245592629516,5d84de28534857acbd45cc968f17ba364726f385,0.92,0.08,0.95,0.001,0.00022974883359572825,0.44911941792739263,main,2026-02-10T04:11:10.563440+00:00,21851374032,63,human_ai_feedback_loop
0.8588087034662247,,741f93e6776ee98259b911a88737634cc4c9cd13,0.92,0.08,0.95,0.0025,0.007280994054066138,0.6931433789350595,main,2026-02-10T04:27:09.662953+00:00,21851695578,64,swarm_amplification
0.24410333432796094,,741f93e6776ee98259b911a88737634cc4c9cd13,0.92,0.08,0.97,0.00012,0.0005652102722778438,0.6900000000000001,main,2026-02-10T04:27:09.662953+00:00,21851695578,64,adversarial_saturation
0.10278778433240932,0.26792245592629516,741f93e6776ee98259b911a88737634cc4c9cd13,0.92,0.08,0.95,0.001,0.00022974883359572825,0.44911941792739263,main,2026-02-10T04:27:09.662953+00:00,21851695578,64,human_ai_feedback_loop
0.8588087034662247,,947da6de62b26c1c3145ceb97b9d3a4b75ea665a,0.92,0.08,0.95,0.0025,0.007280994054066138,0.6931433789350595,main,2026-02-10T05:16:22.677810+00:00,21852685690,65,swarm_amplification
0.24410333432796094,,947da6de62b26c1c3145ceb97b9d3a4b75ea665a,0.92,0.08,0.97,0.00012,0.0005652102722778438,0.6900000000000001,main,2026-02-10T05:16:22.677810+00:00,21852685690,65,adversarial_saturation
0.10278778433240932,0.26792245592629516,947da6de62b26c1c3145ceb97b9d3a4b75ea665a,0.92,0.08,0.95,0.001,0.00022974883359572825,0.44911941792739263,main,2026-02-10T05:16:22.677810+00:00,21852685690,65,human_ai_feedback_loop
0.8588087034662247,,d400dddedd069ee7809d6c685be9f3450be34e51,0.92,0.08,0.95,0.0025,0.007280994054066138,0.6931433789350595,main,2026-02-10T06:40:43.049911+00:00,21854559366,66,swarm_amplification
0.24410333432796094,,d400dddedd069ee7809d6c685be9f3450be34e51,0.92,0.08,0.97,0.00012,0.0005652102722778438,0.6900000000000001,main,2026-02-10T06:40:43.049911+00:00,21854559366,66,adversarial_saturation
0.10278778433240932,0.26792245592629516,d400dddedd069ee7809d6c685be9f3450be34e51,0.92,0.08,0.95,0.001,0.00022974883359572825,0.44911941792739263,main,2026-02-10T06:40:43.049911+00:00,21854559366,66,human_ai_feedback_loop
0.8588087034662247,,205151784c41c821d0c13a4946772bf8054d182f,0.92,0.08,0.95,0.0025,0.007280994054066138,0.6931433789350595,main,2026-02-10T07:42:34.121831+00:00,21856061146,67,swarm_amplification
0.24410333432796094,,205151784c41c821d0c13a4946772bf8054d182f,0.92,0.08,0.97,0.00012,0.0005652102722778438,0.6900000000000001,main,2026-02-10T07:42:34.121831+00:00,21856061146,67,adversarial_saturation
0.10278778433240932,0.26792245592629516,205151784c41c821d0c13a4946772bf8054d182f,0.92,0.08,0.95,0.001,0.00022974883359572825,0.44911941792739263,main,2026-02-10T07:42:34.121831+00:00,21856061146,67,human_ai_feedback_loop
0.8588087034662247,,90df68bce6882ce9323634a2037331792cb53541,0.92,0.08,0.95,0.0025,0.007280994054066138,0.6931433789350595,main,2026-02-10T08:28:34.276968+00:00,21857347329,68,swarm_amplification
0.24410333432796094,,90df68bce6882ce9323634a2037331792cb53541,0.92,0.08,0.97,0.00012,0.0005652102722778438,0.6900000000000001,main,2026-02-10T08:28:34.276968+00:00,21857347329,68,adversarial_saturation
0.10278778433240932,0.26792245592629516,90df68bce6882ce9323634a2037331792cb53541,0.92,0.08,0.95,0.001,0.00022974883359572825,0.44911941792739263,main,2026-02-10T08:28:34.276968+00:00,21857347329,68,human_ai_feedback_loop
0.8588087034662247,,e3f5175fc0b3a1e0031aaf1251868c7800dcc9b2,0.92,0.08,0.95,0.0025,0.007280994054066138,0.6931433789350595,main,2026-02-10T09:31:37.991334+00:00,21859317893,69,swarm_amplification
0.24410333432796094,,e3f5175fc0b3a1e0031aaf1251868c7800dcc9b2,0.92,0.08,0.97,0.00012,0.0005652102722778438,0.6900000000000001,main,2026-02-10T09:31:37.991334+00:00,21859317893,69,adversarial_saturation
0.10278778433240932,0.26792245592629516,e3f5175fc0b3a1e0031aaf1251868c7800dcc9b2,0.92,0.08,0.95,0.001,0.00022974883359572825,0.44911941792739263,main,2026-02-10T09:31:37.991334+00:00,21859317893,69,human_ai_feedback_loop
0.8588087034662247,,2ba1d749e12dc3c7472982e599310f97d6662a02,0.92,0.08,0.95,0.0025,0.007280994054066138,0.6931433789350595,main,2026-02-10T10:35:57.396161+00:00,21861426585,70,swarm_amplification
0.24410333432796094,,2ba1d749e12dc3c7472982e599310f97d6662a02,0.92,0.08,0.97,0.00012,0.0005652102722778438,0.6900000000000001,main,2026-02-10T10:35:57.396161+00:00,21861426585,70,adversarial_saturation
0.10278778433240932,0.26792245592629516,2ba1d749e12dc3c7472982e599310f97d6662a02,0.92,0.08,0.95,0.001,0.00022974883359572825,0.44911941792739263,main,2026-02-10T10:35:57.396161+00:00,21861426585,70,human_ai_feedback_loop
0.8588087034662247,,06baadcae39395a73bb8f90dce1e949ff7003ede,0.92,0.08,0.95,0.0025,0.007280994054066138,0.6931433789350595,main,2026-02-10T11:34:26.130095+00:00,21863222286,71,swarm_amplification
0.24410333432796094,,06baadcae39395a73bb8f90dce1e949ff7003ede,0.92,0.08,0.97,0.00012,0.0005652102722778438,0.6900000000000001,main,2026-02-10T11:34:26.130095+00:00,21863222286,71,adversarial_saturation
0.10278778433240932,0.26792245592629516,06baadcae39395a73bb8f90dce1e949ff7003ede,0.92,0.08,0.95,0.001,0.00022974883359572825,0.44911941792739263,main,2026-02-10T11:34:26.130095+00:00,21863222286,71,human_ai_feedback_loop
0.8588087034662247,,ebc0562423c04070956c87b2753f720e7b944fbf,0.92,0.08,0.95,0.0025,0.007280994054066138,0.6931433789350595,main,2026-02-10T12:35:20.905625+00:00,21865087992,72,swarm_amplification
0.24410333432796094,,ebc0562423c04070956c87b2753f720e7b944fbf,0.92,0.08,0.97,0.00012,0.0005652102722778438,0.6900000000000001,main,2026-02-10T12:35:20.905625+00:00,21865087992,72,adversarial_saturation
0.10278778433240932,0.26792245592629516,ebc0562423c04070956c87b2753f720e7b944fbf,0.92,0.08,0.95,0.001,0.00022974883359572825,0.44911941792739263,main,2026-02-10T12:35:20.905625+00:00,21865087992,72,human_ai_feedback_loop
0.8588087034662247,,8fc33cee758bcf74e5984a4d554436086174875a,0.92,0.08,0.95,0.0025,0.007280994054066138,0.6931433789350595,main,2026-02-10T14:06:12.813905+00:00,21868086600,73,swarm_amplification
0.24410333432796094,,8fc33cee758bcf74e5984a4d554436086174875a,0.92,0.08,0.97,0.00012,0.0005652102722778438,0.6900000000000001,main,2026-02-10T14:06:12.813905+00:00,21868086600,73,adversarial_saturation
0.10278778433240932,0.26792245592629516,8fc33cee758bcf74e5984a4d554436086174875a,0.92,0.08,0.95,0.001,0.00022974883359572825,0.44911941792739263,main,2026-02-10T14:06:12.813905+00:00,21868086600,73,human_ai_feedback_loop
0.8588087034662247,,fd3d09bbaf725ea7b78e84e50ef730f59dcc07b4,0.92,0.08,0.95,0.0025,0.007280994054066138,0.6931433789350595,main,2026-02-10T15:19:26.157601+00:00,21870760713,74,swarm_amplification
0.24410333432796094,,fd3d09bbaf725ea7b78e84e50ef730f59dcc07b4,0.92,0.08,0.97,0.00012,0.0005652102722778438,0.6900000000000001,main,2026-02-10T15:19:26.157601+00:00,21870760713,74,adversarial_saturation
0.10278778433240932,0.26792245592629516,fd3d09bbaf725ea7b78e84e50ef730f59dcc07b4,0.92,0.08,0.95,0.001,0.00022974883359572825,0.44911941792739263,main,2026-02-10T15:19:26.157601+00:00,21870760713,74,human_ai_feedback_loop
0.8588087034662247,,8c29aafb58e4bedb4433e4b94435b551352d7d98,0.92,0.08,0.95,0.0025,0.007280994054066138,0.6931433789350595,main,2026-02-10T16:35:54.766848+00:00,21873582454,75,swarm_amplification
0.24410333432796094,,8c29aafb58e4bedb4433e4b94435b551352d7d98,0.92,0.08,0.97,0.00012,0.0005652102722778438,0.6900000000000001,main,2026-02-10T16:35:54.766848+00:00,21873582454,75,adversarial_saturation
0.10278778433240932,0.26792245592629516,8c29aafb58e4bedb4433e4b94435b551352d7d98,0.92,0.08,0.95,0.001,0.00022974883359572825,0.44911941792739263,main,2026-02-10T16:35:54.766848+00:00,21873582454,75,human_ai_feedback_loop
0.8588087034662247,,647c3ca7629419111ffeabc2653c587528f70ef7,0.92,0.08,0.95,0.0025,0.007280994054066138,0.6931433789350595,main,2026-02-10T17:42:14.131267+00:00,21875885561,76,swarm_amplification
0.24410333432796094,,647c3ca7629419111ffeabc2653c587528f70ef7,0.92,0.08,0.97,0.00012,0.0005652102722778438,0.6900000000000001,main,2026-02-10T17:42:14.131267+00:00,21875885561,76,adversarial_saturation
0.10278778433240932,0.26792245592629516,647c3ca7629419111ffeabc2653c587528f70ef7,0.92,0.08,0.95,0.001,0.00022974883359572825,0.44911941792739263,main,2026-02-10T17:42:14.131267+00:00,21875885561,76,human_ai_feedback_loop
0.8588087034662247,,a0c9b152a8ca1140776f3881a6aa8dac0d994a14,0.92,0.08,0.95,0.0025,0.007280994054066138,0.6931433789350595,main,2026-02-10T18:39:55.724845+00:00,21877786815,77,swarm_amplification
0.24410333432796094,,a0c9b152a8ca1140776f3881a6aa8dac0d994a14,0.92,0.08,0.97,0.00012,0.0005652102722778438,0.6900000000000001,main,2026-02-10T18:39:55.724845+00:00,21877786815,77,adversarial_saturation
0.10278778433240932,0.26792245592629516,a0c9b152a8ca1140776f3881a6aa8dac0d994a14,0.92,0.08,0.95,0.001,0.00022974883359572825,0.44911941792739263,main,2026-02-10T18:39:55.724845+00:00,21877786815,77,human_ai_feedback_loop
0.8588087034662247,,85c40d14ac092ae7dd0e7be75c1adc1ea6728360,0.92,0.08,0.95,0.0025,0.007280994054066138,0.6931433789350595,main,2026-02-10T19:43:54.595719+00:00,21879833072,78,swarm_amplification
0.24410333432796094,,85c40d14ac092ae7dd0e7be75c1adc1ea6728360,0.92,0.08,0.97,0.00012,0.0005652102722778438,0.6900000000000001,main,2026-02-10T19:43:54.595719+00:00,21879833072,78,adversarial_saturation
0.10278778433240932,0.26792245592629516,85c40d14ac092ae7dd0e7be75c1adc1ea6728360,0.92,0.08,0.95,0.001,0.00022974883359572825,0.44911941792739263,main,2026-02-10T19:43:54.595719+00:00,21879833072,78,human_ai_feedback_loop
0.8588087034662247,,cb781c8c2f152d4be4d864c3f1adacd0ab4232dd,0.92,0.08,0.95,0.0025,0.007280994054066138,0.6931433789350595,main,2026-02-10T20:25:48.755895+00:00,21881152754,79,swarm_amplification
0.24410333432796094,,cb781c8c2f152d4be4d864c3f1adacd0ab4232dd,0.92,0.08,0.97,0.00012,0.0005652102722778438,0.6900000000000001,main,2026-02-10T20:25:48.755895+00:00,21881152754,79,adversarial_saturation
0.10278778433240932,0.26792245592629516,cb781c8c2f152d4be4d864c3f1adacd0ab4232dd,0.92,0.08,0.95,0.001,0.00022974883359572825,0.44911941792739263,main,2026-02-10T20:25:48.755895+00:00,21881152754,79,human_ai_feedback_loop
0.8588087034662247,,99b3ce805271daf5782e7b91dded32f8f48bde1c,0.92,0.08,0.95,0.0025,0.007280994054066138,0.6931433789350595,main,2026-02-10T21:06:37.344158+00:00,21882395356,80,swarm_amplification
0.24410333432796094,,99b3ce805271daf5782e7b91dded32f8f48bde1c,0.92,0.08,0.97,0.00012,0.0005652102722778438,0.6900000000000001,main,2026-02-10T21:06:37.344158+00:00,21882395356,80,adversarial_saturation
0.10278778433240932,0.26792245592629516,99b3ce805271daf5782e7b91dded32f8f48bde1c,0.92,0.08,0.95,0.001,0.00022974883359572825,0.44911941792739263,main,2026-02-10T21:06:37.344158+00:00,21882395356,80,human_ai_feedback_loop
0.8588087034662247,,e26d334289301d38e2cdefec5dbbc276d1532a46,0.92,0.08,0.95,0.0025,0.007280994054066138,0.6931433789350595,main,2026-02-10T21:58:42.555366+00:00,21883963086,81,swarm_amplification
0.24410333432796094,,e26d334289301d38e2cdefec5dbbc276d1532a46,0.92,0.08,0.97,0.00012,0.0005652102722778438,0.6900000000000001,main,2026-02-10T21:58:42.555366+00:00,21883963086,81,adversarial_saturation
0.10278778433240932,0.26792245592629516,e26d334289301d38e2cdefec5dbbc276d1532a46,0.92,0.08,0.95,0.001,0.00022974883359572825,0.44911941792739263,main,2026-02-10T21:58:42.555366+00:00,21883963086,81,human_ai_feedback_loop
0.8588087034662247,,b49bdb67defa9a2e712f3b17ae6954cd44af07d5,0.92,0.08,0.95,0.0025,0.007280994054066138,0.6931433789350595,main,2026-02-10T22:37:50.299593+00:00,21885115572,82,swarm_amplification
0.24410333432796094,,b49bdb67defa9a2e712f3b17ae6954cd44af07d5,0.92,0.08,0.97,0.00012,0.0005652102722778438,0.6900000000000001,main,2026-02-10T22:37:50.299593+00:00,21885115572,82,adversarial_saturation
0.10278778433240932,0.26792245592629516,b49bdb67defa9a2e712f3b17ae6954cd44af07d5,0.92,0.08,0.95,0.001,0.00022974883359572825,0.44911941792739263,main,2026-02-10T22:37:50.299593+00:00,21885115572,82,human_ai_feedback_loop
0.8588087034662247,,f10fff255c2872caea281994c490fa6a20030bee,0.92,0.08,0.95,0.0025,0.007280994054066138,0.6931433789350595,main,2026-02-10T23:23:46.583454+00:00,21886301097,83,swarm_amplification
0.24410333432796094,,f10fff255c2872caea281994c490fa6a20030bee,0.92,0.08,0.97,0.00012,0.0005652102722778438,0.6900000000000001,main,2026-02-10T23:23:46.583454+00:00,21886301097,83,adversarial_saturation
0.10278778433240932,0.26792245592629516,f10fff255c2872caea281994c490fa6a20030bee,0.92,0.08,0.95,0.001,0.00022974883359572825,0.44911941792739263,main,2026-02-10T23:23:46.583454+00:00,21886301097,83,human_ai_feedback_loop
0.8588087034662247,,81a5ae7a224ab9b45a2bb7b2eb3943a1490bc381,0.92,0.08,0.95,0.0025,0.007280994054066138,0.6931433789350595,main,2026-02-10T23:59:02.248459+00:00,21887144577,84,swarm_amplification
0.24410333432796094,,81a5ae7a224ab9b45a2bb7b2eb3943a1490bc381,0.92,0.08,0.97,0.00012,0.0005652102722778438,0.6900000000000001,main,2026-02-10T23:59:02.248459+00:00,21887144577,84,adversarial_saturation
0.10278778433240932,0.26792245592629516,81a5ae7a224ab9b45a2bb7b2eb3943a1490bc381,0.92,0.08,0.95,0.001,0.00022974883359572825,0.44911941792739263,main,2026-02-10T23:59:02.248459+00:00,21887144577,84,human_ai_feedback_loop
0.8588087034662247,,7935c3ecfba3596854f26cbf484e75b1f0741a77,0.92,0.08,0.95,0.0025,0.007280994054066138,0.6931433789350595,main,2026-02-11T02:26:00.710918+00:00,21890374306,85,swarm_amplification
0.24410333432796094,,7935c3ecfba3596854f26cbf484e75b1f0741a77,0.92,0.08,0.97,0.00012,0.0005652102722778438,0.6900000000000001,main,2026-02-11T02:26:00.710918+00:00,21890374306,85,adversarial_saturation
0.10278778433240932,0.26792245592629516,7935c3ecfba3596854f26cbf484e75b1f0741a77,0.92,0.08,0.95,0.001,0.00022974883359572825,0.44911941792739263,main,2026-02-11T02:26:00.710918+00:00,21890374306,85,human_ai_feedback_loop
0.8588087034662247,,e7069b9d06e94ec6a6776b325dfd8d205eb3d399,0.92,0.08,0.95,0.0025,0.007280994054066138,0.6931433789350595,main,2026-02-11T04:39:55.904687+00:00,21892951741,86,swarm_amplification
0.24410333432796094,,e7069b9d06e94ec6a6776b325dfd8d205eb3d399,0.92,0.08,0.97,0.00012,0.0005652102722778438,0.6900000000000001,main,2026-02-11T04:39:55.904687+00:00,21892951741,86,adversarial_saturation
0.10278778433240932,0.26792245592629516,e7069b9d06e94ec6a6776b325dfd8d205eb3d399,0.92,0.08,0.95,0.001,0.00022974883359572825,0.44911941792739263,main,2026-02-11T04:39:55.904687+00:00,21892951741,86,human_ai_feedback_loop
0.8588087034662247,,be8180e348c2d697624353b7fc8fe38c91ac6f46,0.92,0.08,0.95,0.0025,0.007280994054066138,0.6931433789350595,main,2026-02-11T05:56:58.431800+00:00,21894409840,87,swarm_amplification
0.24410333432796094,,be8180e348c2d697624353b7fc8fe38c91ac6f46,0.92,0.08,0.97,0.00012,0.0005652102722778438,0.6900000000000001,main,2026-02-11T05:56:58.431800+00:00,21894409840,87,adversarial_saturation
0.10278778433240932,0.26792245592629516,be8180e348c2d697624353b7fc8fe38c91ac6f46,0.92,0.08,0.95,0.001,0.00022974883359572825,0.44911941792739263,main,2026-02-11T05:56:58.431800+00:00,21894409840,87,human_ai_feedback_loop
0.8588087034662247,,0e54c434dbc4a3af8b9dc06f2ccfd6b87c4ece6d,0.92,0.08,0.95,0.0025,0.007280994054066138,0.6931433789350595,main,2026-02-11T06:55:41.945961+00:00,21895640967,88,swarm_amplification
0.24410333432796094,,0e54c434dbc4a3af8b9dc06f2ccfd6b87c4ece6d,0.92,0.08,0.97,0.00012,0.0005652102722778438,0.6900000000000001,main,2026-02-11T06:55:41.945961+00:00,21895640967,88,adversarial_saturation
0.10278778433240932,0.26792245592629516,0e54c434dbc4a3af8b9dc06f2ccfd6b87c4ece6d,0.92,0.08,0.95,0.001,0.00022974883359572825,0.44911941792739263,main,2026-02-11T06:55:41.945961+00:00,21895640967,88,human_ai_feedback_loop
0.8588087034662247,,48ab382d0f2c71090ba6da07af4dd9eee8390da7,0.92,0.08,0.95,0.0025,0.007280994054066138,0.6931433789350595,main,2026-02-11T07:49:05.741294+00:00,21896849867,89,swarm_amplification
0.24410333432796094,,48ab382d0f2c71090ba6da07af4dd9eee8390da7,0.92,0.08,0.97,0.00012,0.0005652102722778438,0.6900000000000001,main,2026-02-11T07:49:05.741294+00:00,21896849867,89,adversarial_saturation
0.10278778433240932,0.26792245592629516,48ab382d0f2c71090ba6da07af4dd9eee8390da7,0.92,0.08,0.95,0.001,0.00022974883359572825,0.44911941792739263,main,2026-02-11T07:49:05.741294+00:00,21896849867,89,human_ai_feedback_loop
0.8588087034662247,,c26ba25f531457d84453930a23cb84e88f39ce4c,0.92,0.08,0.95,0.0025,0.007280994054066138,0.6931433789350595,main,2026-02-11T08:36:53.121694+00:00,21898083068,90,swarm_amplification
0.24410333432796094,,c26ba25f531457d84453930a23cb84e88f39ce4c,0.92,0.08,0.97,0.00012,0.0005652102722778438,0.6900000000000001,main,2026-02-11T08:36:53.121694+00:00,21898083068,90,adversarial_saturation
0.10278778433240932,0.26792245592629516,c26ba25f531457d84453930a23cb84e88f39ce4c,0.92,0.08,0.95,0.001,0.00022974883359572825,0.44911941792739263,main,2026-02-11T08:36:53.121694+00:00,21898083068,90,human_ai_feedback_loop
0.8588087034662247,,c92ba2d970491b6f68e442e60fd31f55b632a95b,0.92,0.08,0.95,0.0025,0.007280994054066138,0.6931433789350595,main,2026-02-11T09:35:22.119896+00:00,21899794621,91,swarm_amplification
0.24410333432796094,,c92ba2d970491b6f68e442e60fd31f55b632a95b,0.92,0.08,0.97,0.00012,0.0005652102722778438,0.6900000000000001,main,2026-02-11T09:35:22.119896+00:00,21899794621,91,adversarial_saturation
0.10278778433240932,0.26792245592629516,c92ba2d970491b6f68e442e60fd31f55b632a95b,0.92,0.08,0.95,0.001,0.00022974883359572825,0.44911941792739263,main,2026-02-11T09:35:22.119896+00:00,21899794621,91,human_ai_feedback_loop
0.8588087034662247,,9f95bd8f14ae484798e957f4fa3d2aa285e28615,0.92,0.08,0.95,0.0025,0.007280994054066138,0.6931433789350595,main,2026-02-11T10:32:43.353876+00:00,21901588930,92,swarm_amplification
0.24410333432796094,,9f95bd8f14ae484798e957f4fa3d2aa285e28615,0.92,0.08,0.97,0.00012,0.0005652102722778438,0.6900000000000001,main,2026-02-11T10:32:43.353876+00:00,21901588930,92,adversarial_saturation
0.10278778433240932,0.26792245592629516,9f95bd8f14ae484798e957f4fa3d2aa285e28615,0.92,0.08,0.95,0.001,0.00022974883359572825,0.44911941792739263,main,2026-02-11T10:32:43.353876+00:00,21901588930,92,human_ai_feedback_loop
0.8588087034662247,,2bcc1faa6f770488e8887fb37797aa6d503d9f50,0.92,0.08,0.95,0.0025,0.007280994054066138,0.6931433789350595,main,2026-02-11T11:30:07.904119+00:00,21903324628,93,swarm_amplification
0.24410333432796094,,2bcc1faa6f770488e8887fb37797aa6d503d9f50,0.92,0.08,0.97,0.00012,0.0005652102722778438,0.6900000000000001,main,2026-02-11T11:30:07.904119+00:00,21903324628,93,adversarial_saturation
0.10278778433240932,0.26792245592629516,2bcc1faa6f770488e8887fb37797aa6d503d9f50,0.92,0.08,0.95,0.001,0.00022974883359572825,0.44911941792739263,main,2026-02-11T11:30:07.904119+00:00,21903324628,93,human_ai_feedback_loop
0.8588087034662247,,8f4381eb8dc304eacba4f77df16fed450d7d33ce,0.92,0.08,0.95,0.0025,0.007280994054066138,0.6931433789350595,main,2026-02-11T12:04:26.091807+00:00,21904321570,94,swarm_amplification
0.24410333432796094,,8f4381eb8dc304eacba4f77df16fed450d7d33ce,0.92,0.08,0.97,0.00012,0.0005652102722778438,0.6900000000000001,main,2026-02-11T12:04:26.091807+00:00,21904321570,94,adversarial_saturation
0.10278778433240932,0.26792245592629516,8f4381eb8dc304eacba4f77df16fed450d7d33ce,0.92,0.08,0.95,0.001,0.00022974883359572825,0.44911941792739263,main,2026-02-11T12:04:26.091807+00:00,21904321570,94,human_ai_feedback_loop
0.8588087034662247,,130f34905d19151fca7ffbae1896c9047092f922,0.92,0.08,0.95,0.0025,0.007280994054066138,0.6931433789350595,main,2026-02-11T13:47:56.072441+00:00,21907614610,95,swarm_amplification
0.24410333432796094,,130f34905d19151fca7ffbae1896c9047092f922,0.92,0.08,0.97,0.00012,0.0005652102722778438,0.6900000000000001,main,2026-02-11T13:47:56.072441+00:00,21907614610,95,adversarial_saturation
0.10278778433240932,0.26792245592629516,130f34905d19151fca7ffbae1896c9047092f922,0.92,0.08,0.95,0.001,0.00022974883359572825,0.44911941792739263,main,2026-02-11T13:47:56.072441+00:00,21907614610,95,human_ai_feedback_loop
0.8588087034662247,,893313215af1dddfe51dddc188945205bac9ff46,0.92,0.08,0.95,0.0025,0.007280994054066138,0.6931433789350595,main,2026-02-11T14:46:48.448063+00:00,21909715629,96,swarm_amplification
0.24410333432796094,,893313215af1dddfe51dddc188945205bac9ff46,0.92,0.08,0.97,0.00012,0.0005652102722778438,0.6900000000000001,main,2026-02-11T14:46:48.448063+00:00,21909715629,96,adversarial_saturation
0.10278778433240932,0.26792245592629516,893313215af1dddfe51dddc188945205bac9ff46,0.92,0.08,0.95,0.001,0.00022974883359572825,0.44911941792739263,main,2026-02-11T14:46:48.448063+00:00,21909715629,96,human_ai_feedback_loop
0.8588087034662247,,04819c674d4a2f0d449ef88dca4362b02789a00e,0.92,0.08,0.95,0.0025,0.007280994054066138,0.6931433789350595,main,2026-02-11T15:51:27.082304+00:00,21912141819,97,swarm_amplification
0.24410333432796094,,04819c674d4a2f0d449ef88dca4362b02789a00e,0.92,0.08,0.97,0.00012,0.0005652102722778438,0.6900000000000001,main,2026-02-11T15:51:27.082304+00:00,21912141819,97,adversarial_saturation
0.10278778433240932,0.26792245592629516,04819c674d4a2f0d449ef88dca4362b02789a00e,0.92,0.08,0.95,0.001,0.00022974883359572825,0.44911941792739263,main,2026-02-11T15:51:27.082304+00:00,21912141819,97,human_ai_feedback_loop
0.8588087034662247,,0a3e2f0b4e150fd75ea46e8c86add1fded68d426,0.92,0.08,0.95,0.0025,0.007280994054066138,0.6931433789350595,main,2026-02-11T16:53:57.130134+00:00,21914427523,98,swarm_amplification
0.24410333432796094,,0a3e2f0b4e150fd75ea46e8c86add1fded68d426,0.92,0.08,0.97,0.00012,0.0005652102722778438,0.6900000000000001,main,2026-02-11T16:53:57.130134+00:00,21914427523,98,adversarial_saturation
0.10278778433240932,0.26792245592629516,0a3e2f0b4e150fd75ea46e8c86add1fded68d426,0.92,0.08,0.95,0.001,0.00022974883359572825,0.44911941792739263,main,2026-02-11T16:53:57.130134+00:00,21914427523,98,human_ai_feedback_loop
0.8588087034662247,,65276e328fcfd5f15e21d4d605a4c00c523381d5,0.92,0.08,0.95,0.0025,0.007280994054066138,0.6931433789350595,main,2026-02-11T17:51:05.425838+00:00,21916450438,99,swarm_amplification
0.24410333432796094,,65276e328fcfd5f15e21d4d605a4c00c523381d5,0.92,0.08,0.97,0.00012,0.0005652102722778438,0.6900000000000001,main,2026-02-11T17:51:05.425838+00:00,21916450438,99,adversarial_saturation
0.10278778433240932,0.26792245592629516,65276e328fcfd5f15e21d4d605a4c00c523381d5,0.92,0.08,0.95,0.001,0.00022974883359572825,0.44911941792739263,main,2026-02-11T17:51:05.425838+00:00,21916450438,99,human_ai_feedback_loop
