condition,mask_strategy,observation_fraction,family,seed,rmse,correlation,correlation_retention,spectral_information_loss,parameter_estimation_error
oracle,uniform,1.0,gaussian,3,0.002286035262886134,0.9999795644720518,0.9999591293617145,0.0008070251138608819,0.0
blind,uniform,1.0,gaussian,3,0.03261169420213461,0.9999472178063462,0.9998944383986524,0.013188623360430696,0.3566666666666667
interpolation_baseline,uniform,1.0,gaussian,3,0.4410761234786202,0.9980148644416219,0.9960336696464289,0.030006016671201396,0.0
naive_baseline,uniform,1.0,gaussian,3,0.8204211403039274,nan,nan,0.1899125445437645,0.0
oracle,uniform,0.75,gaussian,3,0.009070943813806097,0.9996793242406196,0.9993587513141817,0.09071111059411585,0.0
blind,uniform,0.75,gaussian,3,0.03427152387751556,0.9996244586100838,0.999249058251503,0.09250924610343148,0.3566666666666667
interpolation_baseline,uniform,0.75,gaussian,3,0.44031709317649825,0.9979436210281823,0.9958914707508404,0.05797330307999671,0.0
naive_baseline,uniform,0.75,gaussian,3,0.8204211403039274,nan,nan,0.1899125445437645,0.0
oracle,uniform,0.5,gaussian,3,0.013387463048766661,0.9993022690151111,0.9986050248587495,0.09256295275792248,0.0
blind,uniform,0.5,gaussian,3,0.03614636269518515,0.9992101203339135,0.998420864577714,0.09458673879644452,0.3566666666666667
interpolation_baseline,uniform,0.5,gaussian,3,0.43955246624852773,0.9978728647152105,0.9957502541349409,0.04216834512196843,0.0
naive_baseline,uniform,0.5,gaussian,3,0.8204211403039274,nan,nan,0.1899125445437645,0.0
oracle,uniform,0.25,gaussian,3,0.029493966324579797,0.9966800872888643,0.9933711963981381,0.11464268377514952,0.0
blind,uniform,0.25,gaussian,3,0.046204678327952727,0.99661480059284,0.9932410607607063,0.11451275994200583,0.3566666666666667
interpolation_baseline,uniform,0.25,gaussian,3,0.4365044053635407,0.9954223017965298,0.9908655589139016,0.08354316199469614,0.0
naive_baseline,uniform,0.25,gaussian,3,0.8204211403039274,nan,nan,0.1899125445437645,0.0
oracle,uniform,0.1,gaussian,3,0.14272981466892976,0.9249493888434782,0.8555313719219239,0.08751824495898086,0.0
blind,uniform,0.1,gaussian,3,0.1531214162597985,0.9251468524346217,0.8558966985696876,0.0853437226056818,0.3566666666666667
interpolation_baseline,uniform,0.1,gaussian,3,0.40539420233092077,0.9217874471639078,0.8496920977489542,0.06391638526588772,0.0
naive_baseline,uniform,0.1,gaussian,3,0.8204211403039274,nan,nan,0.1899125445437645,0.0
oracle,window,1.0,gaussian,3,0.002286035262886134,0.9999795644720518,0.9999591293617145,0.0008070251138608819,0.0
blind,window,1.0,gaussian,3,0.03261169420213461,0.9999472178063462,0.9998944383986524,0.013188623360430696,0.3566666666666667
interpolation_baseline,window,1.0,gaussian,3,0.4410761234786202,0.9980148644416219,0.9960336696464289,0.030006016671201396,0.0
naive_baseline,window,1.0,gaussian,3,0.8204211403039274,nan,nan,0.1899125445437645,0.0
oracle,window,0.75,gaussian,3,0.1795817455099059,0.9099289909917694,0.8279707686472996,0.1335597011636629,0.0
blind,window,0.75,gaussian,3,0.17630051679904774,0.9030643691008673,0.8155252547395475,0.12709985400628865,0.3566666666666667
interpolation_baseline,window,0.75,gaussian,3,0.5183262598523866,0.951126947986647,0.9046424711863938,0.04187157641161665,0.0
naive_baseline,window,0.75,gaussian,3,0.8204211403039274,nan,nan,0.1899125445437645,0.0
oracle,window,0.5,gaussian,3,0.3990027021563228,0.3889088090299124,0.15125006174106484,0.09273803874572106,0.0
blind,window,0.5,gaussian,3,0.3676391367770967,0.20955518742571375,0.043913376577026014,0.15218520026661053,0.043333333333333335
interpolation_baseline,window,0.5,gaussian,3,0.7742117243327037,0.6012425277218015,0.3614925771413013,0.03502907006853773,0.0
naive_baseline,window,0.5,gaussian,3,0.8204211403039274,nan,nan,0.1899125445437645,0.0
oracle,window,0.25,gaussian,3,0.3822585502364363,0.4574750024569292,0.20928337787296736,0.10974188594455281,0.0
blind,window,0.25,gaussian,3,0.3559260034107694,0.26231751045762475,0.06881047629268607,0.14414631945148937,0.043333333333333335
interpolation_baseline,window,0.25,gaussian,3,0.7519779629410845,0.6691793631162765,0.4478010200207054,0.05337357496211326,0.0
naive_baseline,window,0.25,gaussian,3,0.8204211403039274,nan,nan,0.1899125445437645,0.0
oracle,window,0.1,gaussian,3,0.7036939913923509,-0.16786874394050955,0.02817991519216436,0.15858518092973672,0.0
blind,window,0.1,gaussian,3,0.5279006406897092,-0.18110894953636644,0.032800451602166124,0.16614836758710527,0.043333333333333335
interpolation_baseline,window,0.1,gaussian,3,1.2973055640558646,0.13179898935017068,0.017370973593726403,0.0696789306904485,0.0
naive_baseline,window,0.1,gaussian,3,0.8204211403039274,nan,nan,0.1899125445437645,0.0
oracle,random,1.0,gaussian,3,0.002286035262886134,0.9999795644720518,0.9999591293617145,0.0008070251138608819,0.0
blind,random,1.0,gaussian,3,0.03261169420213461,0.9999472178063462,0.9998944383986524,0.013188623360430696,0.3566666666666667
interpolation_baseline,random,1.0,gaussian,3,0.4410761234786202,0.9980148644416219,0.9960336696464289,0.030006016671201396,0.0
naive_baseline,random,1.0,gaussian,3,0.8204211403039274,nan,nan,0.1899125445437645,0.0
oracle,random,0.75,gaussian,3,0.009029264137700352,0.9996820710770995,0.999364243232999,0.08279338312381279,0.0
blind,random,0.75,gaussian,3,0.03398985122563068,0.9996265457621143,0.9992532309922963,0.08699824547638257,0.3566666666666667
interpolation_baseline,random,0.75,gaussian,3,0.4407701293053226,0.997964939571357,0.9959340206136622,0.053311673837574625,0.0
naive_baseline,random,0.75,gaussian,3,0.8204211403039274,nan,nan,0.1899125445437645,0.0
oracle,random,0.5,gaussian,3,0.04133982441622054,0.9939594424591192,0.987955373253643,0.08913662822278412,0.0
blind,random,0.5,gaussian,3,0.05185005284528592,0.9935240341376431,0.9870900064091367,0.08773888553371911,0.3566666666666667
interpolation_baseline,random,0.5,gaussian,3,0.44431925152421353,0.9949609269575984,0.9899472461723234,0.07155026125172437,0.0
naive_baseline,random,0.5,gaussian,3,0.8204211403039274,nan,nan,0.1899125445437645,0.0
oracle,random,0.25,gaussian,3,0.08548849874247354,0.9710239689272158,0.9428875482311625,0.09150425615071611,0.0
blind,random,0.25,gaussian,3,0.09103305115704277,0.9705611454151795,0.9419889369896252,0.0912245850484309,0.3566666666666667
interpolation_baseline,random,0.25,gaussian,3,0.4486294031932874,0.9724657200885892,0.9456895767474184,0.0727180597670809,0.0
naive_baseline,random,0.25,gaussian,3,0.8204211403039274,nan,nan,0.1899125445437645,0.0
oracle,random,0.1,gaussian,3,0.5575962269383813,0.3462807038083149,0.1199103258299819,0.06921138273350669,0.0
blind,random,0.1,gaussian,3,0.4383984767638307,0.2862736340646209,0.08195259356056449,0.09387818597555153,0.043333333333333335
interpolation_baseline,random,0.1,gaussian,3,1.0402324295626333,0.40265821809402996,0.1621336405986594,0.03535101082236247,0.0
naive_baseline,random,0.1,gaussian,3,0.8204211403039274,nan,nan,0.1899125445437645,0.0
oracle,uniform,1.0,gaussian,7,0.002181436932015955,0.9999869760734269,0.9999739523164765,0.003907453493689816,0.0
blind,uniform,1.0,gaussian,7,0.00588084058998141,0.9999902234643018,0.9999804470241842,0.011719159550097169,0.35000000000000003
interpolation_baseline,uniform,1.0,gaussian,7,0.6203149554263263,0.9981749815225578,0.9963532937375585,0.03036259782370676,0.0
naive_baseline,uniform,1.0,gaussian,7,1.0169513749294659,nan,nan,0.18791001917240546,0.0
oracle,uniform,0.75,gaussian,7,0.00843094664996209,0.9998024121626289,0.9996048633662112,0.09611064746214015,0.0
blind,uniform,0.75,gaussian,7,0.009526761706586616,0.9998204720858435,0.9996409764019589,0.09583807426321256,0.35000000000000003
interpolation_baseline,uniform,0.75,gaussian,7,0.6195876289010919,0.9981613078556056,0.9963259965000132,0.04976521623454633,0.0
naive_baseline,uniform,0.75,gaussian,7,1.0169513749294659,nan,nan,0.18791001917240546,0.0
oracle,uniform,0.5,gaussian,7,0.01172959137878925,0.9996171140365048,0.9992343746746706,0.11127671746040013,0.0
blind,uniform,0.5,gaussian,7,0.012106874370559809,0.9996522177423812,0.9993045564372611,0.10972020196768151,0.35000000000000003
interpolation_baseline,uniform,0.5,gaussian,7,0.6188484280665713,0.9981444670956061,0.9962923771935716,0.06227238360504117,0.0
naive_baseline,uniform,0.5,gaussian,7,1.0169513749294659,nan,nan,0.18791001917240546,0.0
oracle,uniform,0.25,gaussian,7,0.02298752261928803,0.99855614501953,0.9971143747562647,0.09981974210640532,0.0
blind,uniform,0.25,gaussian,7,0.022244972095883025,0.9986125557513238,0.9972270365041908,0.0981831473544913,0.35000000000000003
interpolation_baseline,uniform,0.25,gaussian,7,0.6136510988137016,0.9972470602233774,0.9945016991241685,0.05898001341006032,0.0
naive_baseline,uniform,0.25,gaussian,7,1.0169513749294659,nan,nan,0.18791001917240546,0.0
oracle,uniform,0.1,gaussian,7,0.10692662307299586,0.9742151401188205,0.949095139236733,0.08627100956402645,0.0
blind,uniform,0.1,gaussian,7,0.1050927377305448,0.9743443841682154,0.949346978960139,0.0857325529343187,0.35000000000000003
interpolation_baseline,uniform,0.1,gaussian,7,0.5659203226755766,0.9754474580198529,0.9514977433573927,0.05164103955628463,0.0
naive_baseline,uniform,0.1,gaussian,7,1.0169513749294659,nan,nan,0.18791001917240546,0.0
oracle,window,1.0,gaussian,7,0.002181436932015955,0.9999869760734269,0.9999739523164765,0.003907453493689816,0.0
blind,window,1.0,gaussian,7,0.00588084058998141,0.9999902234643018,0.9999804470241842,0.011719159550097169,0.35000000000000003
interpolation_baseline,window,1.0,gaussian,7,0.6203149554263263,0.9981749815225578,0.9963532937375585,0.03036259782370676,0.0
naive_baseline,window,1.0,gaussian,7,1.0169513749294659,nan,nan,0.18791001917240546,0.0
oracle,window,0.75,gaussian,7,0.23245514265685518,0.8910719883171374,0.7940092883634566,0.10553558271286556,0.0
blind,window,0.75,gaussian,7,0.23318367420496627,0.89332566845259,0.7980307499162668,0.10588117984717971,0.35000000000000003
interpolation_baseline,window,0.75,gaussian,7,0.7198271914310286,0.9532344914544094,0.9086559956983465,0.07301626342677126,0.0
naive_baseline,window,0.75,gaussian,7,1.0169513749294659,nan,nan,0.18791001917240546,0.0
oracle,window,0.5,gaussian,7,0.5502319542972373,0.07095923452208358,0.005035212963960058,0.1289938081925448,0.0
blind,window,0.5,gaussian,7,0.4965904542971609,-0.020879935954741094,0.0004359717254740899,0.18835104048795004,0.03666666666666667
interpolation_baseline,window,0.5,gaussian,7,1.107930496869246,0.3399177678546268,0.11554408890327196,0.06602697988864847,0.0
naive_baseline,window,0.5,gaussian,7,1.0169513749294659,nan,nan,0.18791001917240546,0.0
oracle,window,0.25,gaussian,7,0.5290253164189115,0.056250392186304454,0.003164106621113061,0.13300892058765434,0.0
blind,window,0.25,gaussian,7,0.4830316977385429,-0.04594605263168584,0.002111039752433645,0.18619653045393525,0.03666666666666667
interpolation_baseline,window,0.25,gaussian,7,1.0687836178993249,0.499487924667614,0.24948818688876004,0.07633690230275558,0.0
naive_baseline,window,0.25,gaussian,7,1.0169513749294659,nan,nan,0.18791001917240546,0.0
oracle,window,0.1,gaussian,7,0.6840861101193388,-0.2748228519303641,0.07552759994313883,0.13035195172807723,0.0
blind,window,0.1,gaussian,7,0.5683585094590048,-0.23849064997190317,0.05687779012402084,0.17092910489774749,0.03666666666666667
interpolation_baseline,window,0.1,gaussian,7,1.362115077173579,0.018973199302306076,0.00035998229176502773,0.08717848946934859,0.0
naive_baseline,window,0.1,gaussian,7,1.0169513749294659,nan,nan,0.18791001917240546,0.0
oracle,random,1.0,gaussian,7,0.002181436932015955,0.9999869760734269,0.9999739523164765,0.003907453493689816,0.0
blind,random,1.0,gaussian,7,0.00588084058998141,0.9999902234643018,0.9999804470241842,0.011719159550097169,0.35000000000000003
interpolation_baseline,random,1.0,gaussian,7,0.6203149554263263,0.9981749815225578,0.9963532937375585,0.03036259782370676,0.0
naive_baseline,random,1.0,gaussian,7,1.0169513749294659,nan,nan,0.18791001917240546,0.0
oracle,random,0.75,gaussian,7,0.007740656412566901,0.9998314060133601,0.9996628404506525,0.09332994588858401,0.0
blind,random,0.75,gaussian,7,0.008947185190141413,0.9998470480228205,0.9996941194399483,0.09210872307606544,0.35000000000000003
interpolation_baseline,random,0.75,gaussian,7,0.6194572422624883,0.9981537614827495,0.9963109315621616,0.051058477191611606,0.0
naive_baseline,random,0.75,gaussian,7,1.0169513749294659,nan,nan,0.18791001917240546,0.0
oracle,random,0.5,gaussian,7,0.04600664768130781,0.9944382121360934,0.9889073577564299,0.1049203405329795,0.0
blind,random,0.5,gaussian,7,0.045161290535323174,0.9945620712759488,0.9891537136207054,0.10436801173961407,0.35000000000000003
interpolation_baseline,random,0.5,gaussian,7,0.6096555335653867,0.9949298360879694,0.9898853787380336,0.06590288038521486,0.0
naive_baseline,random,0.5,gaussian,7,1.0169513749294659,nan,nan,0.18791001917240546,0.0
oracle,random,0.25,gaussian,7,0.11065849166332459,0.9680979846818571,0.9372137079450733,0.11182696347340959,0.0
blind,random,0.25,gaussian,7,0.10919512354970513,0.9680871530271188,0.9371927358561521,0.11071425056392648,0.35000000000000003
interpolation_baseline,random,0.25,gaussian,7,0.5739534706901142,0.9624626552124805,0.9263343626786582,0.06976663987404697,0.0
naive_baseline,random,0.25,gaussian,7,1.0169513749294659,nan,nan,0.18791001917240546,0.0
oracle,random,0.1,gaussian,7,0.31708280710742676,0.6654901728109689,0.44287717010797323,0.07886426328178253,0.0
blind,random,0.1,gaussian,7,0.31716813629098695,0.6673501067901899,0.4453561650328779,0.07751907710402206,0.35000000000000003
interpolation_baseline,random,0.1,gaussian,7,0.6947463533459455,0.7362948661561329,0.5421301299278777,0.06954528518268555,0.0
naive_baseline,random,0.1,gaussian,7,1.0169513749294659,nan,nan,0.18791001917240546,0.0
oracle,uniform,1.0,gaussian,11,0.002089014939305312,0.9999828739309463,0.9999657481551949,0.00014835108147592813,0.0
blind,uniform,1.0,gaussian,11,0.039791562588699654,0.9999599366319311,0.9999198748689355,0.004551933932209762,0.3433333333333333
interpolation_baseline,uniform,1.0,gaussian,11,0.5260917482857761,0.9959870374536979,0.9919901787757938,0.057892247060488344,0.0
naive_baseline,uniform,1.0,gaussian,11,0.7700551811623102,nan,nan,0.18565364609615875,0.0
oracle,uniform,0.75,gaussian,11,0.013222226601086554,0.9993107851614176,0.9986220453399289,0.07018408823938316,0.0
blind,uniform,0.75,gaussian,11,0.04080835265627967,0.9994316662683554,0.9988636555399414,0.06586732401654072,0.3433333333333333
interpolation_baseline,uniform,0.75,gaussian,11,0.5249254530588574,0.9958698518078748,0.9917567617398385,0.05994992129564136,0.0
naive_baseline,uniform,0.75,gaussian,11,0.7700551811623102,nan,nan,0.18565364609615875,0.0
oracle,uniform,0.5,gaussian,11,0.020402793008691113,0.9983587714767849,0.9967202365846352,0.09111072851002011,0.0
blind,uniform,0.5,gaussian,11,0.0424212012543243,0.9987265870201424,0.997454795620902,0.08502147672071703,0.3433333333333333
interpolation_baseline,uniform,0.5,gaussian,11,0.5237551051860231,0.9957631122136659,0.9915441756454457,0.054286722192328773,0.0
naive_baseline,uniform,0.5,gaussian,11,0.7700551811623102,nan,nan,0.18565364609615875,0.0
oracle,uniform,0.25,gaussian,11,0.04055970571409481,0.9937801209367725,0.9875989287691062,0.11173979204765194,0.0
blind,uniform,0.25,gaussian,11,0.050863709209011586,0.9943468356236896,0.9887256295148449,0.1114390632030906,0.3433333333333333
interpolation_baseline,uniform,0.25,gaussian,11,0.5159750207418169,0.9924508844749318,0.9849587580950744,0.09367471383638393,0.0
naive_baseline,uniform,0.25,gaussian,11,0.7700551811623102,nan,nan,0.18565364609615875,0.0
oracle,uniform,0.1,gaussian,11,0.17805383947905004,0.8793275639898369,0.7732169647923007,0.11344789053144322,0.0
blind,uniform,0.1,gaussian,11,0.17165238373440825,0.8800250975002657,0.7744441722303521,0.10991609850503681,0.3433333333333333
interpolation_baseline,uniform,0.1,gaussian,11,0.46515366884491705,0.8826892008946654,0.779140225376063,0.08281872139307067,0.0
naive_baseline,uniform,0.1,gaussian,11,0.7700551811623102,nan,nan,0.18565364609615875,0.0
oracle,window,1.0,gaussian,11,0.002089014939305312,0.9999828739309463,0.9999657481551949,0.00014835108147592813,0.0
blind,window,1.0,gaussian,11,0.039791562588699654,0.9999599366319311,0.9999198748689355,0.004551933932209762,0.3433333333333333
interpolation_baseline,window,1.0,gaussian,11,0.5260917482857761,0.9959870374536979,0.9919901787757938,0.057892247060488344,0.0
naive_baseline,window,1.0,gaussian,11,0.7700551811623102,nan,nan,0.18565364609615875,0.0
oracle,window,0.75,gaussian,11,0.1756027756363107,0.9045726148606599,0.8182516155558517,0.08002179141360488,0.0
blind,window,0.75,gaussian,11,0.18674680802976862,0.9130982014037939,0.8337483254068434,0.0713801886183365,0.3433333333333333
interpolation_baseline,window,0.75,gaussian,11,0.5949716741932475,0.9474757518826905,0.8977103004056697,0.030916641645952536,0.0
naive_baseline,window,0.75,gaussian,11,0.7700551811623102,nan,nan,0.18565364609615875,0.0
oracle,window,0.5,gaussian,11,0.5122531186888651,-0.0908197753972815,0.008248231603212659,0.09535960839056834,0.0
blind,window,0.5,gaussian,11,0.46139295972286903,-0.11678283799128093,0.013638231249297769,0.14172798655754915,0.029999999999999995
interpolation_baseline,window,0.5,gaussian,11,1.010550549170055,0.0860887490216005,0.007411272708104122,0.0347857844856817,0.0
naive_baseline,window,0.5,gaussian,11,0.7700551811623102,nan,nan,0.18565364609615875,0.0
oracle,window,0.25,gaussian,11,0.37943215787755297,0.280816293242576,0.07885779055050043,0.13465395090504972,0.0
blind,window,0.25,gaussian,11,0.36989462899171105,0.19253373341537922,0.03706923850286431,0.13963960869318548,0.029999999999999995
interpolation_baseline,window,0.25,gaussian,11,0.7514893015417794,0.46893142997071785,0.21989668601438225,0.04400320403901947,0.0
naive_baseline,window,0.25,gaussian,11,0.7700551811623102,nan,nan,0.18565364609615875,0.0
oracle,window,0.1,gaussian,11,0.6005981143710858,-0.07582639357741848,0.00574964196295757,0.16240388251572702,0.0
blind,window,0.1,gaussian,11,0.509146941328412,-0.10863823346285434,0.011802265769929644,0.16065232182983047,0.029999999999999995
interpolation_baseline,window,0.1,gaussian,11,1.221727479335204,0.1695295082433858,0.028740254165244217,0.07698568300245079,0.0
naive_baseline,window,0.1,gaussian,11,0.7700551811623102,nan,nan,0.18565364609615875,0.0
oracle,random,1.0,gaussian,11,0.002089014939305312,0.9999828739309463,0.9999657481551949,0.00014835108147592813,0.0
blind,random,1.0,gaussian,11,0.039791562588699654,0.9999599366319311,0.9999198748689355,0.004551933932209762,0.3433333333333333
interpolation_baseline,random,1.0,gaussian,11,0.5260917482857761,0.9959870374536979,0.9919901787757938,0.057892247060488344,0.0
naive_baseline,random,1.0,gaussian,11,0.7700551811623102,nan,nan,0.18565364609615875,0.0
oracle,random,0.75,gaussian,11,0.0116117297881688,0.9994717970177249,0.9989438730338404,0.06233273606803846,0.0
blind,random,0.75,gaussian,11,0.04044922812442875,0.9995725458539421,0.9991452744249311,0.05796957233379674,0.3433333333333333
interpolation_baseline,random,0.75,gaussian,11,0.5249786417439445,0.9960668118747136,0.992149093718256,0.045125960656760555,0.0
naive_baseline,random,0.75,gaussian,11,0.7700551811623102,nan,nan,0.18565364609615875,0.0
oracle,random,0.5,gaussian,11,0.049561373011515024,0.9911797684262424,0.9824373333374996,0.0635045903393453,0.0
blind,random,0.5,gaussian,11,0.051864419357054777,0.9916153697391052,0.9833010415028224,0.06249921223427124,0.3433333333333333
interpolation_baseline,random,0.5,gaussian,11,0.5010001749868661,0.99021016631827,0.9805161734800558,0.0794493691691035,0.0
naive_baseline,random,0.5,gaussian,11,0.7700551811623102,nan,nan,0.18565364609615875,0.0
oracle,random,0.25,gaussian,11,0.05812806063196015,0.9871250894755887,0.9744159422721891,0.07538384220282035,0.0
blind,random,0.25,gaussian,11,0.062494528946763245,0.9877653317957736,0.9756803506976148,0.07356368071572184,0.3433333333333333
interpolation_baseline,random,0.25,gaussian,11,0.5083287945165447,0.9873907144314139,0.974940422945378,0.07642253370275831,0.0
naive_baseline,random,0.25,gaussian,11,0.7700551811623102,nan,nan,0.18565364609615875,0.0
oracle,random,0.1,gaussian,11,0.1960511297588736,0.8490706008128686,0.7209208851647256,0.07434473093051108,0.0
blind,random,0.1,gaussian,11,0.1951369514774992,0.8496493436568414,0.7219040071765014,0.07106543091138873,0.3433333333333333
interpolation_baseline,random,0.1,gaussian,11,0.5091939939683361,0.8492286877006341,0.7211893640137411,0.059507750883034616,0.0
naive_baseline,random,0.1,gaussian,11,0.7700551811623102,nan,nan,0.18565364609615875,0.0
oracle,uniform,1.0,sine,3,0.002267700221647602,0.9999999544472734,0.9999999088945489,0.04466498910844374,0.0
blind,uniform,1.0,sine,3,0.014640278645338546,0.9999953478919128,0.9999906958054677,0.11618223599386435,0.3566666666666667
interpolation_baseline,uniform,1.0,sine,3,0.23137198777081117,0.9991894017428969,0.9983794605553283,0.0038458463135054854,0.0
naive_baseline,uniform,1.0,sine,3,0.4242640687119285,nan,nan,0.08570991287109664,0.0
oracle,uniform,0.75,sine,3,0.0031582061302104993,0.9999808933932696,0.9999617871516016,0.04506125825792473,0.0
blind,uniform,0.75,sine,3,0.015387868886706459,0.9999733387696953,0.9999466782502118,0.06745268317782005,0.3566666666666667
interpolation_baseline,uniform,0.75,sine,3,0.2305546510370347,0.9991988892361625,0.998398420250781,0.0670725144847042,0.0
naive_baseline,uniform,0.75,sine,3,0.4242640687119285,nan,nan,0.08570991287109664,0.0
oracle,uniform,0.5,sine,3,0.004146337226654765,0.9999566881209658,0.9999133781178505,0.07357598464338622,0.0
blind,uniform,0.5,sine,3,0.016188794832086274,0.99994539946628,0.9998908019137783,0.03818057589717472,0.3566666666666667
interpolation_baseline,uniform,0.5,sine,3,0.22971670343369197,0.9992111291934376,0.9984228807040246,0.09163108673036024,0.0
naive_baseline,uniform,0.5,sine,3,0.4242640687119285,nan,nan,0.08570991287109664,0.0
oracle,uniform,0.25,sine,3,0.00802820620877748,0.9998567805791906,0.9997135816701836,0.09242466063017774,0.0
blind,uniform,0.25,sine,3,0.021526206096059437,0.9998431139698545,0.9996862525529354,0.09252701691745702,0.3566666666666667
interpolation_baseline,uniform,0.25,sine,3,0.22230388016095629,0.9991949938183038,0.9983906356715602,0.12291562729094307,0.0
naive_baseline,uniform,0.25,sine,3,0.4242640687119285,nan,nan,0.08570991287109664,0.0
oracle,uniform,0.1,sine,3,0.06070856257970354,0.9966699588990043,0.993351006971743,0.17321298769076976,0.0
blind,uniform,0.1,sine,3,0.034033572524388905,0.9969711250989501,0.9939514242810665,0.17124840165386057,0.6766666666666666
interpolation_baseline,uniform,0.1,sine,3,0.15329817518123473,0.9967497050992786,0.993509974615499,0.18093182009421604,0.0
naive_baseline,uniform,0.1,sine,3,0.4242640687119285,nan,nan,0.08570991287109664,0.0
oracle,window,1.0,sine,3,0.002267700221647602,0.9999999544472734,0.9999999088945489,0.04466498910844374,0.0
blind,window,1.0,sine,3,0.014640278645338546,0.9999953478919128,0.9999906958054677,0.11618223599386435,0.3566666666666667
interpolation_baseline,window,1.0,sine,3,0.23137198777081117,0.9991894017428969,0.9983794605553283,0.0038458463135054854,0.0
naive_baseline,window,1.0,sine,3,0.4242640687119285,nan,nan,0.08570991287109664,0.0
oracle,window,0.75,sine,3,0.1553683329716767,0.945449278615516,0.8938743384345995,0.09532189270045976,0.0
blind,window,0.75,sine,3,0.15125498236453558,0.9431189570425073,0.8894733671329467,0.09503006394072433,0.3566666666666667
interpolation_baseline,window,0.75,sine,3,0.32547580650014896,0.9618014196088671,0.9250619707616321,0.14770200921948762,0.0
naive_baseline,window,0.75,sine,3,0.4242640687119285,nan,nan,0.08570991287109664,0.0
oracle,window,0.5,sine,3,0.23682816107333476,0.90376193225246,0.8167856301887002,0.10937659773568931,0.0
blind,window,0.5,sine,3,0.21477400850177836,0.8726260975528249,0.7614763061302724,0.12959639949237567,0.043333333333333335
interpolation_baseline,window,0.5,sine,3,0.4380178751118826,0.9262878072582122,0.8580091018752269,0.15599937163208333,0.0
naive_baseline,window,0.5,sine,3,0.4242640687119285,nan,nan,0.08570991287109664,0.0
oracle,window,0.25,sine,3,0.17448437549300297,0.9139020904968799,0.8352170310145672,0.10614687834426895,0.0
blind,window,0.25,sine,3,0.17178167550443893,0.9229551568470584,0.8518462215505782,0.12442043888550458,0.6766666666666666
interpolation_baseline,window,0.25,sine,3,0.2350050527861517,0.9339702785438757,0.8723004812033248,0.1534415123075552,0.0
naive_baseline,window,0.25,sine,3,0.4242640687119285,nan,nan,0.08570991287109664,0.0
oracle,window,0.1,sine,3,0.3018802903422091,0.8960129589911222,0.8028392226800265,0.14086201358425576,0.0
blind,window,0.1,sine,3,0.2580551001988252,0.9131447486829216,0.8338333320471961,0.14593586331265418,1.0333333333333334
interpolation_baseline,window,0.1,sine,3,0.24347540549551686,0.9162608749581962,0.8395339909791593,0.1504676694207937,0.0
naive_baseline,window,0.1,sine,3,0.4242640687119285,nan,nan,0.08570991287109664,0.0
oracle,random,1.0,sine,3,0.002267700221647602,0.9999999544472734,0.9999999088945489,0.04466498910844374,0.0
blind,random,1.0,sine,3,0.014640278645338546,0.9999953478919128,0.9999906958054677,0.11618223599386435,0.3566666666666667
interpolation_baseline,random,1.0,sine,3,0.23137198777081117,0.9991894017428969,0.9983794605553283,0.0038458463135054854,0.0
naive_baseline,random,1.0,sine,3,0.4242640687119285,nan,nan,0.08570991287109664,0.0
oracle,random,0.75,sine,3,0.003269901124929103,0.9999784000414162,0.9999568005493907,0.0798711606474467,0.0
blind,random,0.75,sine,3,0.015495118680132227,0.9999710700215634,0.9999421408800704,0.08766967474677945,0.3566666666666667
interpolation_baseline,random,0.75,sine,3,0.23042843334830154,0.9991974130384469,0.9983954702227247,0.09390244787625956,0.0
naive_baseline,random,0.75,sine,3,0.4242640687119285,nan,nan,0.08570991287109664,0.0
oracle,random,0.5,sine,3,0.04281050448761101,0.9951083567474727,0.9902406416686553,0.10040983344339838,0.0
blind,random,0.5,sine,3,0.04553701011011698,0.9948290959589858,0.989684930166573,0.09758279595071773,0.3566666666666667
interpolation_baseline,random,0.5,sine,3,0.2329825372079684,0.9963706036987379,0.9927543799149874,0.12047898718166727,0.0
naive_baseline,random,0.5,sine,3,0.4242640687119285,nan,nan,0.08570991287109664,0.0
oracle,random,0.25,sine,3,0.05201636406730105,0.9936653965403086,0.9873709202816088,0.11414170825351877,0.0
blind,random,0.25,sine,3,0.05970802194307682,0.9933436595770531,0.9867316260219323,0.111609901345327,0.3566666666666667
interpolation_baseline,random,0.25,sine,3,0.203315939336502,0.9955057565706402,0.9910317113652828,0.1314906061518719,0.0
naive_baseline,random,0.25,sine,3,0.4242640687119285,nan,nan,0.08570991287109664,0.0
oracle,random,0.1,sine,3,0.3078210702211708,0.9150017042723004,0.8372281188212143,0.17090311722146045,0.0
blind,random,0.1,sine,3,0.30467147252560844,0.9156432180077677,0.8384025026836204,0.17695483471308115,0.6766666666666666
interpolation_baseline,random,0.1,sine,3,0.3178685288741699,0.915310905353341,0.8377940534587528,0.1851891716493943,0.0
naive_baseline,random,0.1,sine,3,0.4242640687119285,nan,nan,0.08570991287109664,0.0
oracle,uniform,1.0,sine,7,0.0021737596649652313,0.9999920475795636,0.9999840952223682,0.04225837928793297,0.0
blind,uniform,1.0,sine,7,0.004156666689210924,0.9999852741575302,0.9999705485319109,0.04995298621354338,0.35000000000000003
interpolation_baseline,uniform,1.0,sine,7,0.25533575217653914,0.996087074905849,0.9921894607944904,0.16417194629042942,0.0
naive_baseline,uniform,1.0,sine,7,0.4242640687119285,nan,nan,0.08570991287109664,0.0
oracle,uniform,0.75,sine,7,0.018597507803091013,0.9990495123367775,0.998099928100353,0.03369176012240327,0.0
blind,uniform,0.75,sine,7,0.018211939310633873,0.9990984245255621,0.9981976618894602,0.029881292042467922,0.35000000000000003
interpolation_baseline,uniform,0.75,sine,7,0.2533174204251754,0.9957505129547739,0.9915190840496954,0.17895418982404243,0.0
naive_baseline,uniform,0.75,sine,7,0.4242640687119285,nan,nan,0.08570991287109664,0.0
oracle,uniform,0.5,sine,7,0.026495724794609935,0.9981071315589166,0.9962178460687685,0.07265661241427801,0.0
blind,uniform,0.5,sine,7,0.026066535170297993,0.9981593091676132,0.9963220064779669,0.073285967640499,0.35000000000000003
interpolation_baseline,uniform,0.5,sine,7,0.25046181910484205,0.9950499993317584,0.9901245011701324,0.18653920611199548,0.0
naive_baseline,uniform,0.5,sine,7,0.4242640687119285,nan,nan,0.08570991287109664,0.0
oracle,uniform,0.25,sine,7,0.037759933813608926,0.9965746665293722,0.9931610659681295,0.09876399920020185,0.0
blind,uniform,0.25,sine,7,0.03699516568644209,0.9966330278444625,0.9932773921904212,0.09915109658487375,0.35000000000000003
interpolation_baseline,uniform,0.25,sine,7,0.23810346022027903,0.9935664254470896,0.9871742417757071,0.1739387541852544,0.0
naive_baseline,uniform,0.25,sine,7,0.4242640687119285,nan,nan,0.08570991287109664,0.0
oracle,uniform,0.1,sine,7,0.09584970073499613,0.9882751779418738,0.9766878273360423,0.12898559074249571,0.0
blind,uniform,0.1,sine,7,0.0705205928902602,0.9897771462162465,0.979658799171977,0.1440770621669918,0.67
interpolation_baseline,uniform,0.1,sine,7,0.16392052894497516,0.9872524296528596,0.9746673598554746,0.17014253870112817,0.0
naive_baseline,uniform,0.1,sine,7,0.4242640687119285,nan,nan,0.08570991287109664,0.0
oracle,window,1.0,sine,7,0.0021737596649652313,0.9999920475795636,0.9999840952223682,0.04225837928793297,0.0
blind,window,1.0,sine,7,0.004156666689210924,0.9999852741575302,0.9999705485319109,0.04995298621354338,0.35000000000000003
interpolation_baseline,window,1.0,sine,7,0.25533575217653914,0.996087074905849,0.9921894607944904,0.16417194629042942,0.0
naive_baseline,window,1.0,sine,7,0.4242640687119285,nan,nan,0.08570991287109664,0.0
oracle,window,0.75,sine,7,0.1201356119589968,0.9617001030450517,0.924867088196863,0.0969899757012802,0.0
blind,window,0.75,sine,7,0.11986312946347338,0.9620817855577276,0.9256013621019453,0.09763993662934278,0.35000000000000003
interpolation_baseline,window,0.75,sine,7,0.28146515074740025,0.9699660677079472,0.940834172504818,0.15041519689931782,0.0
naive_baseline,window,0.75,sine,7,0.4242640687119285,nan,nan,0.08570991287109664,0.0
oracle,window,0.5,sine,7,0.3017606900919781,0.8085948394929793,0.6538256144546769,0.13105763062594955,0.0
blind,window,0.5,sine,7,0.2956445130909645,0.7876903623862788,0.6204561069962271,0.14230206248018074,0.03666666666666667
interpolation_baseline,window,0.5,sine,7,0.4289536622142298,0.8252140893873902,0.6809782933234596,0.1662053766335606,0.0
naive_baseline,window,0.5,sine,7,0.4242640687119285,nan,nan,0.08570991287109664,0.0
oracle,window,0.25,sine,7,0.5050933625223009,0.5948706225988248,0.3538710576311135,0.1316933695377549,0.0
blind,window,0.25,sine,7,0.4656165574711847,0.5559903641489142,0.30912528502644226,0.11989914343186459,0.03666666666666667
interpolation_baseline,window,0.25,sine,7,0.6795569003316706,0.6346642423105884,0.40279870046767324,0.15935268164796423,0.0
naive_baseline,window,0.25,sine,7,0.4242640687119285,nan,nan,0.08570991287109664,0.0
oracle,window,0.1,sine,7,0.605554450854366,0.40149149510312554,0.16119542064014308,0.15963921893330268,0.0
blind,window,0.1,sine,7,0.55137535615251,0.28828892223288893,0.08311050268220069,0.15386968960470537,0.03666666666666667
interpolation_baseline,window,0.1,sine,7,0.8126569849938152,0.5561417632122827,0.3092936607888667,0.1439977217491839,0.0
naive_baseline,window,0.1,sine,7,0.4242640687119285,nan,nan,0.08570991287109664,0.0
oracle,random,1.0,sine,7,0.0021737596649652313,0.9999920475795636,0.9999840952223682,0.04225837928793297,0.0
blind,random,1.0,sine,7,0.004156666689210924,0.9999852741575302,0.9999705485319109,0.04995298621354338,0.35000000000000003
interpolation_baseline,random,1.0,sine,7,0.25533575217653914,0.996087074905849,0.9921894607944904,0.16417194629042942,0.0
naive_baseline,random,1.0,sine,7,0.4242640687119285,nan,nan,0.08570991287109664,0.0
oracle,random,0.75,sine,7,0.020006168356225266,0.998906057225412,0.9978133111616182,0.04794934068382739,0.0
blind,random,0.75,sine,7,0.019956916578437428,0.9989131279116434,0.9978274371142233,0.044157480262980275,0.35000000000000003
interpolation_baseline,random,0.75,sine,7,0.251338884724591,0.9954137729047253,0.9908485792884201,0.16479730355908118,0.0
naive_baseline,random,0.75,sine,7,0.4242640687119285,nan,nan,0.08570991287109664,0.0
oracle,random,0.5,sine,7,0.06462139757314642,0.9884985773564532,0.9771294374357319,0.05740976987591395,0.0
blind,random,0.5,sine,7,0.06383841647279442,0.9888673847431194,0.9778587046086966,0.05601087315206432,0.35000000000000003
interpolation_baseline,random,0.5,sine,7,0.253609404318202,0.9947540522252755,0.9895356244186061,0.11983048633850046,0.0
naive_baseline,random,0.5,sine,7,0.4242640687119285,nan,nan,0.08570991287109664,0.0
oracle,random,0.25,sine,7,0.07732629429670043,0.9843084826452055,0.968863189007307,0.06310732172205513,0.0
blind,random,0.25,sine,7,0.07614331532872051,0.9847573185389048,0.969746976415934,0.06383490985524753,0.35000000000000003
interpolation_baseline,random,0.25,sine,7,0.2275673823980198,0.9931476870106408,0.9863423282145858,0.13368323011139704,0.0
naive_baseline,random,0.25,sine,7,0.4242640687119285,nan,nan,0.08570991287109664,0.0
oracle,random,0.1,sine,7,0.19088188832483405,0.908897745596322,0.8260951119500765,0.12030467823275814,0.0
blind,random,0.1,sine,7,0.1905689902583704,0.9094848623390598,0.8271627148238986,0.12069773968680386,0.35000000000000003
interpolation_baseline,random,0.1,sine,7,0.2978670570855465,0.926634424900627,0.8586513574109157,0.16277175721702508,0.0
naive_baseline,random,0.1,sine,7,0.4242640687119285,nan,nan,0.08570991287109664,0.0
oracle,uniform,1.0,sine,11,0.0020728552744072415,0.9999998540111987,0.9999997080224188,0.039835995615855935,0.0
blind,uniform,1.0,sine,11,0.02416008094842422,0.9999835829442772,0.9999671661580742,0.08907621327835691,0.3433333333333333
interpolation_baseline,uniform,1.0,sine,11,0.29332273760348165,0.9987310274599791,0.9974636652112655,0.02714325230739567,0.0
naive_baseline,uniform,1.0,sine,11,0.4242640687119285,nan,nan,0.08570991287109664,0.0
oracle,uniform,0.75,sine,11,0.0030274564757842857,0.9999813059815202,0.9999626123125068,0.0918985809287921,0.0
blind,uniform,0.75,sine,11,0.023738249445597423,0.9999697388339194,0.9999394785835769,0.09770957419265924,0.3433333333333333
interpolation_baseline,uniform,0.75,sine,11,0.2924606257543403,0.9987301186568844,0.9974618499123945,0.03901403184959895,0.0
naive_baseline,uniform,0.75,sine,11,0.4242640687119285,nan,nan,0.08570991287109664,0.0
oracle,uniform,0.5,sine,11,0.004784791509621125,0.9999395138080128,0.9998790312746051,0.08053167901710434,0.0
blind,uniform,0.5,sine,11,0.02344297249803446,0.9999387654595275,0.999877534668724,0.055598909817289655,0.3433333333333333
interpolation_baseline,uniform,0.5,sine,11,0.29157252377356613,0.9987184316264012,0.9974385056702986,0.06429835819717411,0.0
naive_baseline,uniform,0.5,sine,11,0.4242640687119285,nan,nan,0.08570991287109664,0.0
oracle,uniform,0.25,sine,11,0.008833882471767715,0.9998225740030818,0.9996451794861481,0.11767788130512402,0.0
blind,uniform,0.25,sine,11,0.019491003082809422,0.9998341727906543,0.999668373079972,0.11362154708988181,0.3433333333333333
interpolation_baseline,uniform,0.25,sine,11,0.2834517849015282,0.9986426841161835,0.9972872105387754,0.11573036578454032,0.0
naive_baseline,uniform,0.25,sine,11,0.4242640687119285,nan,nan,0.08570991287109664,0.0
oracle,uniform,0.1,sine,11,0.061150326624235196,0.9965351771602059,0.9930823593177229,0.1720498025156838,0.0
blind,uniform,0.1,sine,11,0.046340402432682004,0.9966719080581521,0.9933548923122776,0.1722560613491786,0.3433333333333333
interpolation_baseline,uniform,0.1,sine,11,0.20681565111179967,0.9960627935812313,0.9921410887568466,0.17439420948490036,0.0
naive_baseline,uniform,0.1,sine,11,0.4242640687119285,nan,nan,0.08570991287109664,0.0
oracle,window,1.0,sine,11,0.0020728552744072415,0.9999998540111987,0.9999997080224188,0.039835995615855935,0.0
blind,window,1.0,sine,11,0.02416008094842422,0.9999835829442772,0.9999671661580742,0.08907621327835691,0.3433333333333333
interpolation_baseline,window,1.0,sine,11,0.29332273760348165,0.9987310274599791,0.9974636652112655,0.02714325230739567,0.0
naive_baseline,window,1.0,sine,11,0.4242640687119285,nan,nan,0.08570991287109664,0.0
oracle,window,0.75,sine,11,0.16433615643492203,0.9390082889010939,0.8817365666249602,0.09713723110978145,0.0
blind,window,0.75,sine,11,0.16626066730540118,0.9209657881210344,0.8481779828893979,0.12126236186589046,0.029999999999999995
interpolation_baseline,window,0.75,sine,11,0.38857812496907046,0.961066433659614,0.9236486899072092,0.14834330257658734,0.0
naive_baseline,window,0.75,sine,11,0.4242640687119285,nan,nan,0.08570991287109664,0.0
oracle,window,0.5,sine,11,0.25010959072782857,0.8926363751799921,0.7967996982944755,0.10696923336072106,0.0
blind,window,0.5,sine,11,0.2311200167288233,0.8695373468889511,0.7560951976346761,0.13044113381425337,0.029999999999999995
interpolation_baseline,window,0.5,sine,11,0.5096833246050196,0.9227325235001893,0.8514353099250274,0.15765006892649525,0.0
naive_baseline,window,0.5,sine,11,0.4242640687119285,nan,nan,0.08570991287109664,0.0
oracle,window,0.25,sine,11,0.19274644500826643,0.900879512691246,0.8115838963868168,0.11012496072605948,0.0
blind,window,0.25,sine,11,0.19040015663390808,0.9051868927692704,0.8193633108412867,0.11242618763691092,0.3433333333333333
interpolation_baseline,window,0.25,sine,11,0.291756383773319,0.9274307522910434,0.8601278002951308,0.1580120355296808,0.0
naive_baseline,window,0.25,sine,11,0.4242640687119285,nan,nan,0.08570991287109664,0.0
oracle,window,0.1,sine,11,0.309901370367578,0.8808854520203052,0.7759591795810175,0.1365859543828426,0.0
blind,window,0.1,sine,11,0.26244157960874936,0.9059247048306609,0.8206995708225201,0.1468327191350206,1.0466666666666666
interpolation_baseline,window,0.1,sine,11,0.2515170005468607,0.9089965549700494,0.826274736947418,0.15107849060817835,0.0
naive_baseline,window,0.1,sine,11,0.4242640687119285,nan,nan,0.08570991287109664,0.0
oracle,random,1.0,sine,11,0.0020728552744072415,0.9999998540111987,0.9999997080224188,0.039835995615855935,0.0
blind,random,1.0,sine,11,0.02416008094842422,0.9999835829442772,0.9999671661580742,0.08907621327835691,0.3433333333333333
interpolation_baseline,random,1.0,sine,11,0.29332273760348165,0.9987310274599791,0.9974636652112655,0.02714325230739567,0.0
naive_baseline,random,1.0,sine,11,0.4242640687119285,nan,nan,0.08570991287109664,0.0
oracle,random,0.75,sine,11,0.002878323748724493,0.9999843802828392,0.999968760809654,0.13812521247185638,0.0
blind,random,0.75,sine,11,0.023790992486462683,0.9999724154444045,0.9999448316497167,0.11470497560760795,0.3433333333333333
interpolation_baseline,random,0.75,sine,11,0.29257642953728485,0.9987355290358416,0.9974726569585024,0.04497689755158962,0.0
naive_baseline,random,0.75,sine,11,0.4242640687119285,nan,nan,0.08570991287109664,0.0
oracle,random,0.5,sine,11,0.008827128722757762,0.9998117956827942,0.9996236267864534,0.1243575954346604,0.0
blind,random,0.5,sine,11,0.021420865963869874,0.9998208802082288,0.9996417925003573,0.12418072782725709,0.3433333333333333
interpolation_baseline,random,0.5,sine,11,0.2862962478480473,0.9987133639043719,0.9974283832411864,0.13308391977004297,0.0
naive_baseline,random,0.5,sine,11,0.4242640687119285,nan,nan,0.08570991287109664,0.0
oracle,random,0.25,sine,11,0.013764021908958151,0.999665206712782,0.9993305255121092,0.11383765806062951,0.0
blind,random,0.25,sine,11,0.017602437979722392,0.9996856331571837,0.9993713651408793,0.11744579304202762,0.3433333333333333
interpolation_baseline,random,0.25,sine,11,0.27672281465478343,0.9985853873681635,0.9971727758652251,0.15091951606095,0.0
naive_baseline,random,0.25,sine,11,0.4242640687119285,nan,nan,0.08570991287109664,0.0
oracle,random,0.1,sine,11,0.1861209549322806,0.9446209063856871,0.892308656780917,0.1250481286974714,0.0
blind,random,0.1,sine,11,0.17815346082677957,0.9527020607862118,0.9076412166262947,0.12412469670001103,0.6766666666666666
interpolation_baseline,random,0.1,sine,11,0.2438238729576241,0.958472682593687,0.9186698832783387,0.14723994413986652,0.0
naive_baseline,random,0.1,sine,11,0.4242640687119285,nan,nan,0.08570991287109664,0.0
oracle,uniform,1.0,pulse,3,0.0022940997864408074,0.9999842746365472,0.9999685495203814,0.054016903880609535,0.0
blind,uniform,1.0,pulse,3,0.01574882467364293,0.9999507204766003,0.999901443381672,0.054294984132135626,0.3566666666666667
interpolation_baseline,uniform,1.0,pulse,3,0.1872888510344182,0.9945129551830674,0.9890560180269578,0.05223133005767655,0.0
naive_baseline,uniform,1.0,pulse,3,0.35650142851376415,nan,nan,0.23269246252564457,0.0
oracle,uniform,0.75,pulse,3,0.01804239392083759,0.9985122359481421,0.9970266853381582,0.1923270386305267,0.0
blind,uniform,0.75,pulse,3,0.025107719710580578,0.9983872690981943,0.9967771390973502,0.19353125624355394,0.3566666666666667
interpolation_baseline,uniform,0.75,pulse,3,0.18411806212017023,0.9942119735274653,0.9884574483053773,0.16321769786125162,0.0
naive_baseline,uniform,0.75,pulse,3,0.35650142851376415,nan,nan,0.23269246252564457,0.0
oracle,uniform,0.5,pulse,3,0.026326620555470952,0.9968289967497714,0.9936680487611558,0.21229133711416925,0.0
blind,uniform,0.5,pulse,3,0.032555439946317044,0.9965589366258047,0.9931297141687547,0.21334695292501205,0.3566666666666667
interpolation_baseline,uniform,0.5,pulse,3,0.18125731481894863,0.9938170482096426,0.987672325312127,0.18773127997450578,0.0
naive_baseline,uniform,0.5,pulse,3,0.35650142851376415,nan,nan,0.23269246252564457,0.0
oracle,uniform,0.25,pulse,3,0.055829968239758374,0.9866880601588929,0.973553328060119,0.15228696892171378,0.0
blind,uniform,0.25,pulse,3,0.060084854700094746,0.9891098215128483,0.9783382390131786,0.13289618757883437,0.6766666666666666
interpolation_baseline,uniform,0.25,pulse,3,0.16807165401719618,0.9869529969651678,0.9740762182185265,0.11178123851755606,0.0
naive_baseline,uniform,0.25,pulse,3,0.35650142851376415,nan,nan,0.23269246252564457,0.0
oracle,uniform,0.1,pulse,3,0.23144041040412566,0.7207831247523175,0.519528312927715,0.1836946867720317,0.0
blind,uniform,0.1,pulse,3,0.2299326057252743,0.7095167790431457,0.5034140597437601,0.16655422742578407,0.6766666666666666
interpolation_baseline,uniform,0.1,pulse,3,0.24959875126132625,0.6862870680811913,0.47098993981547776,0.16507814020874423,0.0
naive_baseline,uniform,0.1,pulse,3,0.35650142851376415,nan,nan,0.23269246252564457,0.0
oracle,window,1.0,pulse,3,0.0022940997864408074,0.9999842746365472,0.9999685495203814,0.054016903880609535,0.0
blind,window,1.0,pulse,3,0.01574882467364293,0.9999507204766003,0.999901443381672,0.054294984132135626,0.3566666666666667
interpolation_baseline,window,1.0,pulse,3,0.1872888510344182,0.9945129551830674,0.9890560180269578,0.05223133005767655,0.0
naive_baseline,window,1.0,pulse,3,0.35650142851376415,nan,nan,0.23269246252564457,0.0
oracle,window,0.75,pulse,3,0.009131169077097797,0.9996914921677122,0.999383079512507,0.11107426062186077,0.0
blind,window,0.75,pulse,3,0.01793594642812772,0.9996518671283874,0.999303855453271,0.11180719552818152,0.3566666666666667
interpolation_baseline,window,0.75,pulse,3,0.18769591165419375,0.9943182111194965,0.9886687049638756,0.09368739684502925,0.0
naive_baseline,window,0.75,pulse,3,0.35650142851376415,nan,nan,0.23269246252564457,0.0
oracle,window,0.5,pulse,3,0.5492703098914581,0.4985493576202999,0.24855146198361366,0.18070955850955162,0.0
blind,window,0.5,pulse,3,0.4446188433374918,0.4780817406095775,0.22856215070428332,0.19824705932053877,0.043333333333333335
interpolation_baseline,window,0.5,pulse,3,0.8413852812864926,0.503981567214867,0.2539974200923535,0.13641292382279302,0.0
naive_baseline,window,0.5,pulse,3,0.35650142851376415,nan,nan,0.23269246252564457,0.0
oracle,window,0.25,pulse,3,0.3320515421447365,0.513658124888052,0.2638446692635096,0.18184731012669353,0.0
blind,window,0.25,pulse,3,0.3230829788206206,0.544174711771904,0.29612611693203483,0.15160736237188965,1.0333333333333334
interpolation_baseline,window,0.25,pulse,3,0.31996319622134034,0.5503267073134688,0.3028594847824843,0.14907379354829575,0.0
naive_baseline,window,0.25,pulse,3,0.35650142851376415,nan,nan,0.23269246252564457,0.0
oracle,window,0.1,pulse,3,0.35668859625897203,-0.4336629905254219,0.18806358935145218,0.21298595381934016,0.0
blind,window,0.1,pulse,3,0.3567628854483146,-0.44671887005627103,0.19955774886435157,0.16625801270627028,1.0333333333333334
interpolation_baseline,window,0.1,pulse,3,0.3567898146286092,-0.44961464524867484,0.20215332922209173,0.15778144248791148,0.0
naive_baseline,window,0.1,pulse,3,0.35650142851376415,nan,nan,0.23269246252564457,0.0
oracle,random,1.0,pulse,3,0.0022940997864408074,0.9999842746365472,0.9999685495203814,0.054016903880609535,0.0
blind,random,1.0,pulse,3,0.01574882467364293,0.9999507204766003,0.999901443381672,0.054294984132135626,0.3566666666666667
interpolation_baseline,random,1.0,pulse,3,0.1872888510344182,0.9945129551830674,0.9890560180269578,0.05223133005767655,0.0
naive_baseline,random,1.0,pulse,3,0.35650142851376415,nan,nan,0.23269246252564457,0.0
oracle,random,0.75,pulse,3,0.0321301238074515,0.995745639652374,0.9915093788867153,0.1709702386979135,0.0
blind,random,0.75,pulse,3,0.03939981242240384,0.9956278403144444,0.9912747964092048,0.17244199284031303,0.3566666666666667
interpolation_baseline,random,0.75,pulse,3,0.1716098285286865,0.9922466952634753,0.9845535042612881,0.1339507744046371,0.0
naive_baseline,random,0.75,pulse,3,0.35650142851376415,nan,nan,0.23269246252564457,0.0
oracle,random,0.5,pulse,3,0.04466020267050602,0.9907132845197909,0.9815128121239922,0.1765570995621233,0.0
blind,random,0.5,pulse,3,0.04844176596160211,0.9902435993730923,0.9805823860993772,0.17817410045934323,0.3566666666666667
interpolation_baseline,random,0.5,pulse,3,0.18414412078148581,0.9915412566994984,0.9831540637372207,0.13888239163880733,0.0
naive_baseline,random,0.5,pulse,3,0.35650142851376415,nan,nan,0.23269246252564457,0.0
oracle,random,0.25,pulse,3,0.07062945187711409,0.978328575338268,0.9571268013234051,0.16580154681361292,0.0
blind,random,0.25,pulse,3,0.07411051232223938,0.9783830090249164,0.9572333123486496,0.16733387672974942,0.3566666666666667
interpolation_baseline,random,0.25,pulse,3,0.17973168522592622,0.9738361843108622,0.9483569138731395,0.1296572608745219,0.0
naive_baseline,random,0.25,pulse,3,0.35650142851376415,nan,nan,0.23269246252564457,0.0
oracle,random,0.1,pulse,3,0.35643628234765234,-0.35683355192857996,0.12733018378196656,0.15761638515685672,0.0
blind,random,0.1,pulse,3,0.35641188941727076,-0.3572610359643817,0.12763544781834324,0.1229680314705176,1.0333333333333334
interpolation_baseline,random,0.1,pulse,3,0.356403252096819,-0.3573059044482238,0.12766750935356325,0.11743441072645944,0.0
naive_baseline,random,0.1,pulse,3,0.35650142851376415,nan,nan,0.23269246252564457,0.0
oracle,uniform,1.0,pulse,7,0.002199034853353793,0.9999960784464851,0.9999921569083488,8.226336497607623e-05,0.0
blind,uniform,1.0,pulse,7,0.0031938162554419666,0.9999939770821663,0.9999879542006082,0.0015245523206471878,0.35000000000000003
interpolation_baseline,uniform,1.0,pulse,7,0.42468418493457005,0.9971617564750184,0.9943315685763439,0.06629602718694638,0.0
naive_baseline,uniform,1.0,pulse,7,0.7054810031169252,nan,nan,0.18092861640807756,0.0
oracle,uniform,0.75,pulse,7,0.018464220737419507,0.9995475139676221,0.9990952326788537,0.07507341985750449,0.0
blind,uniform,0.75,pulse,7,0.017355960267563687,0.9995867588175282,0.9991736884033313,0.07252368950978272,0.35000000000000003
interpolation_baseline,uniform,0.75,pulse,7,0.4208467294969642,0.9972645729276371,0.9945366284165426,0.0745188063549238,0.0
naive_baseline,uniform,0.75,pulse,7,0.7054810031169252,nan,nan,0.18092861640807756,0.0
oracle,uniform,0.5,pulse,7,0.024770990335429885,0.9991964550471587,0.9983935557788086,0.07924817355733582,0.0
blind,uniform,0.5,pulse,7,0.023069874010999126,0.9992748546707161,0.9985502351771808,0.08046238555791108,0.35000000000000003
interpolation_baseline,uniform,0.5,pulse,7,0.4170623861291479,0.9973759480372811,0.9947587817232654,0.05144889791816121,0.0
naive_baseline,uniform,0.5,pulse,7,0.7054810031169252,nan,nan,0.18092861640807756,0.0
oracle,uniform,0.25,pulse,7,0.04477681727575741,0.9977858156744912,0.9955765339612097,0.07732130644412538,0.0
blind,uniform,0.25,pulse,7,0.04226794210467034,0.9979338747763709,0.9958720184261814,0.07516692986902318,0.35000000000000003
interpolation_baseline,uniform,0.25,pulse,7,0.3943807547696444,0.9969872655137679,0.9939836075966204,0.07039326821074321,0.0
naive_baseline,uniform,0.25,pulse,7,0.7054810031169252,nan,nan,0.18092861640807756,0.0
oracle,uniform,0.1,pulse,7,0.29474776388412194,0.8821287256095428,0.7781510885455161,0.0749805865616966,0.0
blind,uniform,0.1,pulse,7,0.272872373003799,0.8939761515937223,0.799193359618322,0.07325987733571959,0.67
interpolation_baseline,uniform,0.1,pulse,7,0.35469370554072,0.9096291320065869,0.8274251577950567,0.06600028747228726,0.0
naive_baseline,uniform,0.1,pulse,7,0.7054810031169252,nan,nan,0.18092861640807756,0.0
oracle,window,1.0,pulse,7,0.002199034853353793,0.9999960784464851,0.9999921569083488,8.226336497607623e-05,0.0
blind,window,1.0,pulse,7,0.0031938162554419666,0.9999939770821663,0.9999879542006082,0.0015245523206471878,0.35000000000000003
interpolation_baseline,window,1.0,pulse,7,0.42468418493457005,0.9971617564750184,0.9943315685763439,0.06629602718694638,0.0
naive_baseline,window,1.0,pulse,7,0.7054810031169252,nan,nan,0.18092861640807756,0.0
oracle,window,0.75,pulse,7,0.45301406814066275,0.8349422231281872,0.6971285159622396,0.04939256380948076,0.0
blind,window,0.75,pulse,7,0.4133103023366502,0.7933837976940347,0.629457850443409,0.06475711747258805,0.03666666666666667
interpolation_baseline,window,0.75,pulse,7,0.8063326077195154,0.8790594681981444,0.7727455486288044,0.05049765309624654,0.0
naive_baseline,window,0.75,pulse,7,0.7054810031169252,nan,nan,0.18092861640807756,0.0
oracle,window,0.5,pulse,7,0.3638169756903002,0.8399948333518742,0.7055913200578429,0.0767853312123844,0.0
blind,window,0.5,pulse,7,0.2823428347158048,0.883986406910424,0.7814319676024016,0.06063842819108667,1.04
interpolation_baseline,window,0.5,pulse,7,0.2805879264024714,0.8911125801397795,0.7940816304833749,0.06062407071943099,0.0
naive_baseline,window,0.5,pulse,7,0.7054810031169252,nan,nan,0.18092861640807756,0.0
oracle,window,0.25,pulse,7,0.6904059818252263,0.6958543095675247,0.4842132201436965,0.11737725848136737,0.0
blind,window,0.25,pulse,7,0.6836200973012012,0.7381273860263953,0.5448320380021592,0.09028885156403343,1.04
interpolation_baseline,window,0.25,pulse,7,0.6814205843395581,0.7454865888473996,0.5557502541513318,0.09024817495321868,0.0
naive_baseline,window,0.25,pulse,7,0.7054810031169252,nan,nan,0.18092861640807756,0.0
oracle,window,0.1,pulse,7,0.7052958853289383,-0.4694911922800453,0.2204219796285385,0.14270375822841241,0.0
blind,window,0.1,pulse,7,0.7052121988532077,-0.5045514234101658,0.2545721388652244,0.09705798595926718,1.04
interpolation_baseline,window,0.1,pulse,7,0.7051850067482341,-0.5072224850481428,0.2572746493384135,0.09492091599008601,0.0
naive_baseline,window,0.1,pulse,7,0.7054810031169252,nan,nan,0.18092861640807756,0.0
oracle,random,1.0,pulse,7,0.002199034853353793,0.9999960784464851,0.9999921569083488,8.226336497607623e-05,0.0
blind,random,1.0,pulse,7,0.0031938162554419666,0.9999939770821663,0.9999879542006082,0.0015245523206471878,0.35000000000000003
interpolation_baseline,random,1.0,pulse,7,0.42468418493457005,0.9971617564750184,0.9943315685763439,0.06629602718694638,0.0
naive_baseline,random,1.0,pulse,7,0.7054810031169252,nan,nan,0.18092861640807756,0.0
oracle,random,0.75,pulse,7,0.009559115796939823,0.9998830917314043,0.999766197130352,0.029063898695138257,0.0
blind,random,0.75,pulse,7,0.008949322883064055,0.9998945843665825,0.9997891798456208,0.028153088248276892,0.35000000000000003
interpolation_baseline,random,0.75,pulse,7,0.4228356760378358,0.9972484559557186,0.994504482906065,0.06990853867815772,0.0
naive_baseline,random,0.75,pulse,7,0.7054810031169252,nan,nan,0.18092861640807756,0.0
oracle,random,0.5,pulse,7,0.034618622639895166,0.9984059227236158,0.9968143865295948,0.07382609951948449,0.0
blind,random,0.5,pulse,7,0.0341999182397372,0.9984734493385684,0.9969492290340587,0.07254067417988996,0.35000000000000003
interpolation_baseline,random,0.5,pulse,7,0.42704900969280907,0.9971201293974221,0.9942485524495318,0.05499545138435247,0.0
naive_baseline,random,0.5,pulse,7,0.7054810031169252,nan,nan,0.18092861640807756,0.0
oracle,random,0.25,pulse,7,0.05511199744442062,0.9963520550176803,0.9927174175379546,0.08410561841449793,0.0
blind,random,0.25,pulse,7,0.053057861935361064,0.9965213223111523,0.9930547458207675,0.08355456854765386,0.35000000000000003
interpolation_baseline,random,0.25,pulse,7,0.39633456961805147,0.9965420011690592,0.9930959600940332,0.06349682215539576,0.0
naive_baseline,random,0.25,pulse,7,0.7054810031169252,nan,nan,0.18092861640807756,0.0
oracle,random,0.1,pulse,7,0.46111167226369987,0.8252529043948535,0.6810423562121413,0.05698634411361847,0.0
blind,random,0.1,pulse,7,0.42193860608964057,0.7823911961226419,0.6121359837702183,0.0720085113655774,0.03666666666666667
interpolation_baseline,random,0.1,pulse,7,0.8103870454964753,0.8712674778298876,0.7591070179240537,0.05315843962600819,0.0
naive_baseline,random,0.1,pulse,7,0.7054810031169252,nan,nan,0.18092861640807756,0.0
oracle,uniform,1.0,pulse,11,0.0020793928980190517,0.9999911621716849,0.999982324421477,0.040050800184618374,0.0
blind,uniform,1.0,pulse,11,0.023414800230751542,0.9998949430327493,0.9997898971024649,0.03934802032026452,0.3433333333333333
interpolation_baseline,uniform,1.0,pulse,11,0.2938835462911488,0.9920295829749362,0.9841226934974258,0.038438994172444674,0.0
naive_baseline,uniform,1.0,pulse,11,0.43215569147229976,nan,nan,0.23274566681584963,0.0
oracle,uniform,0.75,pulse,11,0.025226852403976704,0.9979555847157492,0.9959153490653528,0.1921405044945781,0.0
blind,uniform,0.75,pulse,11,0.0309499790076736,0.9982923183935246,0.9965875529635183,0.18788823305665647,0.3433333333333333
interpolation_baseline,uniform,0.75,pulse,11,0.2896378866597327,0.9916897432110477,0.9834485467899938,0.1567998144231425,0.0
naive_baseline,uniform,0.75,pulse,11,0.43215569147229976,nan,nan,0.23274566681584963,0.0
oracle,uniform,0.5,pulse,11,0.03754876676927557,0.9954719090453824,0.9909643216984582,0.21018436163535392,0.0
blind,uniform,0.5,pulse,11,0.03838675716158628,0.9964358483324205,0.9928843998419505,0.2063917255507267,0.3433333333333333
interpolation_baseline,uniform,0.5,pulse,11,0.2858120353555275,0.9912555705781667,0.9825876062022468,0.17880743918489883,0.0
naive_baseline,uniform,0.5,pulse,11,0.43215569147229976,nan,nan,0.23274566681584963,0.0
oracle,uniform,0.25,pulse,11,0.07387945552760394,0.9829997898717145,0.9662885868878349,0.16046372151478083,0.0
blind,uniform,0.25,pulse,11,0.07157461172281891,0.9838744489774748,0.9680089313507296,0.15389916903266054,0.3433333333333333
interpolation_baseline,uniform,0.25,pulse,11,0.2745836546514331,0.9781666335546738,0.9568099629996836,0.11132563793018013,0.0
naive_baseline,uniform,0.25,pulse,11,0.43215569147229976,nan,nan,0.23274566681584963,0.0
oracle,uniform,0.1,pulse,11,0.22760123908604152,0.8205738028152499,0.6733413658666807,0.17794700144608788,0.0
blind,uniform,0.1,pulse,11,0.227804644296959,0.8241914212951064,0.6792914989364475,0.17035060155677217,0.3433333333333333
interpolation_baseline,uniform,0.1,pulse,11,0.3394446360922687,0.8507440681180897,0.7237654694381168,0.12202786374475116,0.0
naive_baseline,uniform,0.1,pulse,11,0.43215569147229976,nan,nan,0.23274566681584963,0.0
oracle,window,1.0,pulse,11,0.0020793928980190517,0.9999911621716849,0.999982324421477,0.040050800184618374,0.0
blind,window,1.0,pulse,11,0.023414800230751542,0.9998949430327493,0.9997898971024649,0.03934802032026452,0.3433333333333333
interpolation_baseline,window,1.0,pulse,11,0.2938835462911488,0.9920295829749362,0.9841226934974258,0.038438994172444674,0.0
naive_baseline,window,1.0,pulse,11,0.43215569147229976,nan,nan,0.23274566681584963,0.0
oracle,window,0.75,pulse,11,0.0580370378005277,0.9901733733430723,0.9804433092775993,0.13544467839001695,0.0
blind,window,0.75,pulse,11,0.06435885136509628,0.9905004778415887,0.9810911966044155,0.13105630633748977,0.3433333333333333
interpolation_baseline,window,0.75,pulse,11,0.307275476927172,0.9846252877576736,0.9694869572918814,0.09827204287260394,0.0
naive_baseline,window,0.75,pulse,11,0.43215569147229976,nan,nan,0.23274566681584963,0.0
oracle,window,0.5,pulse,11,0.535797017628366,0.5738862196958523,0.32934539315679606,0.20880108647738627,0.0
blind,window,0.5,pulse,11,0.47919875011415797,0.5405341957713724,0.29217721679820435,0.25690170617073727,0.029999999999999995
interpolation_baseline,window,0.5,pulse,11,0.9133921172539734,0.6219094231418937,0.386771330592683,0.12138893079801405,0.0
naive_baseline,window,0.5,pulse,11,0.43215569147229976,nan,nan,0.23274566681584963,0.0
oracle,window,0.25,pulse,11,0.42588809322239446,0.5263046447310308,0.27699657906545655,0.21302340536951958,0.0
blind,window,0.25,pulse,11,0.42262208171409377,0.5472492081449849,0.29948169581531303,0.14038731760792,1.0466666666666666
interpolation_baseline,window,0.25,pulse,11,0.42166037305907933,0.5496024845209111,0.3020628909915583,0.1298184643941943,0.0
naive_baseline,window,0.25,pulse,11,0.43215569147229976,nan,nan,0.23274566681584963,0.0
oracle,window,0.1,pulse,11,0.4318456221946096,0.4517745269568468,0.20410022320708268,0.2564486110758424,0.0
blind,window,0.1,pulse,11,0.43168215952043754,0.45801570025292426,0.20977838167817656,0.19423891559213824,1.0466666666666666
interpolation_baseline,window,0.1,pulse,11,0.43163369956656306,0.45853346011487045,0.2102529340449155,0.1809080431988812,0.0
naive_baseline,window,0.1,pulse,11,0.43215569147229976,nan,nan,0.23274566681584963,0.0
oracle,random,1.0,pulse,11,0.0020793928980190517,0.9999911621716849,0.999982324421477,0.040050800184618374,0.0
blind,random,1.0,pulse,11,0.023414800230751542,0.9998949430327493,0.9997898971024649,0.03934802032026452,0.3433333333333333
interpolation_baseline,random,1.0,pulse,11,0.2938835462911488,0.9920295829749362,0.9841226934974258,0.038438994172444674,0.0
naive_baseline,random,1.0,pulse,11,0.43215569147229976,nan,nan,0.23274566681584963,0.0
oracle,random,0.75,pulse,11,0.027066136236450673,0.9976457570998359,0.9952970566593049,0.1605786202478583,0.0
blind,random,0.75,pulse,11,0.032221166351700053,0.9980486484346143,0.9961011046421603,0.15478682712445313,0.3433333333333333
interpolation_baseline,random,0.75,pulse,11,0.2897440167141555,0.9915167144802256,0.9831053950936612,0.11650532111182066,0.0
naive_baseline,random,0.75,pulse,11,0.43215569147229976,nan,nan,0.23274566681584963,0.0
oracle,random,0.5,pulse,11,0.05555005374959404,0.9913225433828678,0.9827203850190779,0.12274629988470442,0.0
blind,random,0.5,pulse,11,0.047521864054219834,0.9927478108033816,0.9855482158549067,0.1171967043340747,0.3433333333333333
interpolation_baseline,random,0.5,pulse,11,0.2519414814108643,0.9935665905359269,0.9871745698291862,0.08190776662314658,0.0
naive_baseline,random,0.5,pulse,11,0.43215569147229976,nan,nan,0.23274566681584963,0.0
oracle,random,0.25,pulse,11,0.07074455166871749,0.9843296396457685,0.9689048394851684,0.15502226682661302,0.0
blind,random,0.25,pulse,11,0.06557027906577134,0.986562215883892,0.9733050058097352,0.14926343691930333,0.3433333333333333
interpolation_baseline,random,0.25,pulse,11,0.2644464819890293,0.9920389991672497,0.9841413758687584,0.1120972238504131,0.0
naive_baseline,random,0.25,pulse,11,0.43215569147229976,nan,nan,0.23274566681584963,0.0
oracle,random,0.1,pulse,11,0.4228045094210262,0.6088888440017948,0.370745624349842,0.11756119758685157,0.0
blind,random,0.1,pulse,11,0.41761670221002006,0.6395667599234856,0.4090456403990254,0.07937650274692021,1.0466666666666666
interpolation_baseline,random,0.1,pulse,11,0.4160665892670095,0.6459292728708889,0.4172246255515152,0.07385951592635365,0.0
naive_baseline,random,0.1,pulse,11,0.43215569147229976,nan,nan,0.23274566681584963,0.0
